Time,TempSHT,TempBMP,Humidity,Pressure,Altitude
2025-03-31 10:17:31,17.43,16.88,44.56,102725.00,N/A
2025-03-31 10:18:01,17.48,16.92,44.41,102723.00,N/A
2025-03-31 10:19:02,16.13,15.75,34.36,102743.00,N/A
2025-03-31 10:20:03,14.39,14.12,35.99,102740.00,N/A
2025-03-31 10:21:04,13.28,12.97,37.54,102740.00,N/A
2025-03-31 10:22:08,12.54,12.24,38.08,102747.00,N/A
2025-03-31 10:24:13,11.37,10.97,39.94,102746.00,N/A
2025-03-31 10:25:15,11.03,10.59,40.49,102745.00,N/A
2025-03-31 10:26:12,10.84,10.37,40.73,102749.00,N/A
2025-03-31 10:27:13,10.65,10.23,41.33,102756.00,N/A
2025-03-31 10:28:14,10.54,10.08,41.36,102757.00,N/A
2025-03-31 10:29:14,10.48,10.03,41.52,102769.00,N/A
2025-03-31 10:30:15,10.34,9.91,41.61,102763.00,N/A
2025-03-31 10:31:15,10.16,9.75,42.07,102761.00,N/A
2025-03-31 10:32:16,10.09,9.60,42.34,102761.00,N/A
2025-03-31 10:33:17,10.01,9.52,42.75,102749.00,N/A
2025-03-31 10:34:18,10.04,9.50,43.17,102749.00,N/A
2025-03-31 10:35:18,10.04,9.53,43.21,102748.00,N/A
2025-03-31 10:36:18,10.05,9.52,43.61,102748.00,N/A
2025-03-31 10:37:19,10.12,9.58,43.67,102749.00,N/A
2025-03-31 10:38:19,10.16,9.64,43.84,102750.00,N/A
2025-03-31 10:39:19,10.16,9.67,43.04,102759.00,N/A
2025-03-31 10:40:20,10.17,9.65,43.29,102755.00,N/A
2025-03-31 10:41:21,10.19,9.68,42.91,102757.00,N/A
2025-03-31 10:42:21,10.20,9.69,42.63,102756.00,N/A
2025-03-31 10:43:22,10.21,9.69,42.75,102752.00,N/A
2025-03-31 10:44:23,10.29,9.75,42.76,102745.00,N/A
2025-03-31 10:45:23,10.19,9.64,42.93,102742.00,N/A
2025-03-31 10:46:24,10.12,9.57,42.99,102739.00,N/A
2025-03-31 10:47:24,10.07,9.50,43.52,102740.00,N/A
2025-03-31 10:48:24,10.11,9.55,43.54,102745.00,N/A
2025-03-31 10:49:25,10.15,9.62,43.38,102754.00,N/A
2025-03-31 10:50:26,10.25,9.70,42.90,102758.00,N/A
2025-03-31 10:51:26,10.20,9.62,42.70,102758.00,N/A
2025-03-31 10:52:27,10.21,9.64,42.79,102759.00,N/A
2025-03-31 10:53:28,10.22,9.65,42.86,102756.00,N/A
2025-03-31 10:54:27,10.17,9.57,42.93,102751.00,N/A
2025-03-31 10:55:28,10.14,9.58,43.20,102754.00,N/A
2025-03-31 10:56:29,10.14,9.59,43.23,102759.00,N/A
2025-03-31 10:57:30,10.14,9.57,43.02,102752.00,N/A
2025-03-31 10:58:30,10.11,9.52,43.25,102751.00,N/A
2025-03-31 10:59:30,10.12,9.56,43.52,102748.00,N/A
2025-03-31 11:00:31,10.09,9.54,43.87,102744.00,N/A
2025-03-31 11:01:32,10.13,9.56,43.68,102739.00,N/A
2025-03-31 11:02:32,10.13,9.54,43.79,102735.00,N/A
2025-03-31 11:03:33,10.20,9.62,44.04,102738.00,N/A
2025-03-31 11:04:34,10.31,9.73,44.10,102736.00,N/A
2025-03-31 11:05:33,10.37,9.82,44.40,102730.00,N/A
2025-03-31 11:06:35,10.45,9.90,44.68,102726.00,N/A
2025-03-31 11:07:35,10.45,9.91,45.07,102726.00,N/A
2025-03-31 11:08:36,10.48,9.92,45.44,102730.00,N/A
2025-03-31 11:09:36,10.52,10.00,44.88,102737.00,N/A
2025-03-31 11:10:37,10.58,10.05,44.08,102742.00,N/A
2025-03-31 11:11:38,10.52,9.92,43.68,102739.00,N/A
2025-03-31 11:12:39,10.42,9.82,44.17,102740.00,N/A
2025-03-31 11:13:39,10.52,9.91,44.14,102745.00,N/A
2025-03-31 11:14:40,10.58,10.00,43.71,102739.00,N/A
2025-03-31 11:15:41,10.67,10.08,43.65,102732.00,N/A
2025-03-31 11:16:41,10.68,10.12,44.10,102733.00,N/A
2025-03-31 11:17:42,10.52,10.00,44.39,102740.00,N/A
2025-03-31 11:18:42,10.37,9.82,44.33,102746.00,N/A
2025-03-31 11:19:43,10.33,9.80,44.53,102744.00,N/A
2025-03-31 11:20:44,10.29,9.71,44.53,102737.00,N/A
2025-03-31 11:21:45,10.31,9.72,44.90,102732.00,N/A
2025-03-31 11:22:46,10.36,9.83,44.76,102737.00,N/A
2025-03-31 11:23:46,10.33,9.77,44.27,102727.00,N/A
2025-03-31 11:24:47,10.29,9.69,44.34,102721.00,N/A
2025-03-31 11:25:47,10.28,9.68,44.82,102720.00,N/A
2025-03-31 11:26:48,10.31,9.72,44.93,102719.00,N/A
2025-03-31 11:27:49,10.27,9.73,44.88,102723.00,N/A
2025-03-31 11:28:50,10.30,9.75,44.64,102727.00,N/A
2025-03-31 11:29:51,10.37,9.80,44.02,102735.00,N/A
2025-03-31 11:30:50,10.39,9.81,44.09,102730.00,N/A
2025-03-31 11:31:51,10.41,9.83,43.93,102729.00,N/A
2025-03-31 11:32:52,10.43,9.82,44.14,102728.00,N/A
2025-03-31 11:33:52,10.39,9.84,44.45,102727.00,N/A
2025-03-31 11:34:53,10.44,9.88,44.49,102728.00,N/A
2025-03-31 11:35:53,10.45,9.86,44.29,102728.00,N/A
2025-03-31 11:36:54,10.37,9.78,44.44,102728.00,N/A
2025-03-31 11:37:55,10.30,9.75,44.52,102730.00,N/A
2025-03-31 11:38:55,10.32,9.77,44.18,102735.00,N/A
2025-03-31 11:39:56,10.33,9.78,44.23,102734.00,N/A
2025-03-31 11:40:56,10.32,9.74,44.38,102731.00,N/A
2025-03-31 11:41:57,10.35,9.75,44.50,102730.00,N/A
2025-03-31 11:42:58,10.39,9.77,44.46,102730.00,N/A
2025-03-31 11:43:58,10.45,9.86,44.36,102726.00,N/A
2025-03-31 11:44:58,10.52,9.91,44.53,102724.00,N/A
2025-03-31 11:45:58,10.59,10.00,44.66,102720.00,N/A
2025-03-31 11:46:59,10.62,10.04,44.87,102717.00,N/A
2025-03-31 11:47:59,10.60,10.05,45.12,102717.00,N/A
2025-03-31 18:52:45,9.36,8.67,68.43,102747.00,N/A
2025-03-31 18:53:45,11.84,10.97,64.64,102755.00,N/A
2025-03-31 18:54:46,13.15,12.31,61.13,102751.00,N/A
2025-03-31 18:55:47,14.01,13.25,58.84,102743.00,N/A
2025-03-31 18:56:48,14.67,13.94,57.17,102736.00,N/A
2025-03-31 18:57:48,15.13,14.45,55.94,102734.00,N/A
2025-03-31 18:58:48,15.44,14.81,54.96,102728.00,N/A
2025-03-31 18:59:49,15.71,15.09,54.33,102731.00,N/A
2025-03-31 19:00:50,15.86,15.28,53.85,102726.00,N/A
2025-03-31 19:01:50,16.00,15.42,53.48,102726.00,N/A
2025-03-31 19:02:51,16.09,15.52,53.14,102727.00,N/A
2025-03-31 19:03:51,16.16,15.60,52.92,102729.00,N/A
2025-03-31 19:04:52,16.23,15.66,52.50,102729.00,N/A
2025-03-31 19:05:52,16.27,15.71,52.31,102733.00,N/A
2025-03-31 19:06:53,16.31,15.74,52.12,102736.00,N/A
2025-03-31 19:07:54,16.32,15.77,51.98,102739.00,N/A
2025-03-31 19:08:54,16.34,15.79,51.85,102739.00,N/A
2025-03-31 19:09:55,16.36,15.81,51.80,102743.00,N/A
2025-03-31 19:10:55,16.36,15.83,51.76,102748.00,N/A
2025-03-31 19:11:56,16.37,15.84,51.62,102750.00,N/A
2025-03-31 19:12:56,16.42,15.85,51.65,102754.00,N/A
2025-03-31 19:13:57,16.40,15.86,51.58,102759.00,N/A
2025-03-31 19:14:58,16.41,15.86,51.44,102761.00,N/A
2025-03-31 19:15:58,16.41,15.86,51.39,102761.00,N/A
2025-03-31 19:16:59,16.43,15.87,51.37,102761.00,N/A
2025-03-31 19:18:00,16.42,15.87,51.26,102764.00,N/A
2025-03-31 19:19:01,16.45,15.87,51.23,102764.00,N/A
2025-03-31 19:20:02,16.41,15.87,51.20,102760.00,N/A
2025-03-31 19:21:02,16.44,15.87,51.19,102758.00,N/A
2025-03-31 19:22:03,16.43,15.87,51.16,102756.00,N/A
2025-03-31 19:23:04,16.43,15.87,51.13,102755.00,N/A
2025-03-31 19:24:05,16.43,15.87,51.19,102759.00,N/A
2025-03-31 19:25:06,16.43,15.86,51.10,102762.00,N/A
2025-03-31 19:26:06,16.43,15.87,51.03,102766.00,N/A
2025-03-31 19:27:07,16.43,15.87,51.20,102765.00,N/A
2025-03-31 19:28:08,16.43,15.88,51.14,102767.00,N/A
2025-03-31 19:29:09,16.42,15.88,51.18,102769.00,N/A
2025-03-31 19:30:10,16.45,15.88,51.20,102773.00,N/A
2025-03-31 19:31:11,16.44,15.88,51.23,102774.00,N/A
2025-03-31 19:32:12,16.44,15.89,51.24,102777.00,N/A
2025-03-31 19:33:12,16.44,15.89,51.24,102784.00,N/A
2025-03-31 19:34:13,16.42,15.90,51.28,102783.00,N/A
2025-03-31 19:35:14,16.43,15.90,51.12,102785.00,N/A
2025-03-31 19:36:15,16.48,15.90,51.15,102787.00,N/A
2025-03-31 19:37:15,16.44,15.90,51.08,102787.00,N/A
2025-03-31 19:38:16,16.44,15.90,51.01,102783.00,N/A
2025-03-31 19:39:17,16.43,15.89,51.00,102783.00,N/A
2025-03-31 19:40:17,16.45,15.89,51.02,102785.00,N/A
2025-03-31 19:41:18,16.42,15.89,50.88,102783.00,N/A
2025-03-31 19:42:19,16.45,15.88,50.75,102783.00,N/A
2025-03-31 19:43:20,16.42,15.87,50.69,102783.00,N/A
2025-03-31 19:44:21,16.42,15.87,50.72,102780.00,N/A
2025-03-31 19:45:21,16.43,15.86,50.63,102780.00,N/A
2025-03-31 19:46:22,16.41,15.86,50.67,102778.00,N/A
2025-03-31 19:47:23,16.41,15.86,50.63,102775.00,N/A
2025-03-31 19:48:23,16.41,15.86,50.63,102772.00,N/A
2025-03-31 19:49:24,16.41,15.86,50.59,102772.00,N/A
2025-03-31 19:50:24,16.37,15.85,50.65,102768.00,N/A
2025-03-31 19:51:24,16.39,15.85,50.75,102767.00,N/A
2025-03-31 19:52:24,16.39,15.85,50.77,102768.00,N/A
2025-03-31 19:53:25,16.42,15.86,50.71,102766.00,N/A
2025-03-31 19:54:26,16.41,15.86,50.83,102766.00,N/A
2025-03-31 19:55:26,16.40,15.86,50.82,102765.00,N/A
2025-03-31 19:56:27,16.39,15.86,50.81,102766.00,N/A
2025-03-31 19:57:27,16.40,15.86,50.82,102768.00,N/A
2025-03-31 19:58:28,16.43,15.85,50.56,102765.00,N/A
2025-03-31 19:59:29,16.39,15.85,50.60,102763.00,N/A
2025-03-31 20:00:29,16.41,15.84,50.51,102760.00,N/A
2025-03-31 20:01:30,16.40,15.84,50.54,102757.00,N/A
2025-03-31 20:02:30,16.38,15.83,50.49,102755.00,N/A
2025-03-31 20:03:31,16.37,15.83,50.49,102755.00,N/A
2025-03-31 20:04:32,16.37,15.83,50.47,102762.00,N/A
2025-03-31 20:05:33,16.36,15.82,50.53,102762.00,N/A
2025-03-31 20:06:33,16.36,15.82,50.54,102768.00,N/A
2025-03-31 20:07:34,16.35,15.81,50.46,102765.00,N/A
2025-03-31 20:08:35,16.35,15.81,50.47,102764.00,N/A
2025-03-31 20:09:36,16.37,15.81,50.44,102760.00,N/A
2025-03-31 20:10:36,16.35,15.80,50.47,102761.00,N/A
2025-03-31 20:11:37,16.35,15.79,50.49,102766.00,N/A
2025-03-31 20:12:38,16.34,15.79,50.48,102762.00,N/A
2025-03-31 20:13:38,16.33,15.78,50.45,102764.00,N/A
2025-03-31 20:14:39,16.34,15.78,50.46,102766.00,N/A
2025-03-31 20:15:40,16.32,15.78,50.43,102768.00,N/A
2025-03-31 20:16:41,16.34,15.78,50.45,102769.00,N/A
2025-03-31 20:17:42,16.33,15.78,50.45,102774.00,N/A
2025-03-31 20:18:42,16.31,15.77,50.43,102773.00,N/A
2025-03-31 20:19:43,16.34,15.77,50.46,102770.00,N/A
2025-03-31 20:20:44,16.31,15.77,50.44,102773.00,N/A
2025-03-31 20:21:45,16.32,15.76,50.41,102765.00,N/A
2025-03-31 20:22:46,16.31,15.76,50.37,102764.00,N/A
2025-03-31 20:23:46,16.31,15.75,50.41,102764.00,N/A
2025-03-31 20:24:46,16.31,15.75,50.42,102766.00,N/A
2025-03-31 20:25:47,16.29,15.75,50.42,102769.00,N/A
2025-03-31 20:26:48,16.30,15.74,50.42,102777.00,N/A
2025-03-31 20:27:48,16.29,15.74,50.42,102774.00,N/A
2025-03-31 20:28:49,16.29,15.74,50.46,102778.00,N/A
2025-03-31 20:29:49,16.30,15.73,50.41,102779.00,N/A
2025-03-31 20:30:50,16.27,15.73,50.42,102774.00,N/A
2025-03-31 20:31:50,16.28,15.73,50.38,102776.00,N/A
2025-03-31 20:32:50,16.28,15.73,50.41,102777.00,N/A
2025-03-31 20:33:51,16.27,15.73,50.43,102782.00,N/A
2025-03-31 20:34:52,16.27,15.73,50.41,102785.00,N/A
2025-03-31 20:35:53,16.27,15.72,50.37,102784.00,N/A
2025-03-31 20:36:54,16.28,15.72,50.41,102787.00,N/A
2025-03-31 20:37:54,16.26,15.72,50.40,102793.00,N/A
2025-03-31 20:38:54,16.30,15.72,50.43,102794.00,N/A
2025-03-31 20:39:55,16.27,15.72,50.41,102796.00,N/A
2025-03-31 20:40:56,16.27,15.71,50.37,102795.00,N/A
2025-03-31 20:41:57,16.26,15.71,50.39,102795.00,N/A
2025-03-31 20:42:57,16.27,15.71,50.41,102794.00,N/A
2025-03-31 20:43:58,16.28,15.71,50.38,102796.00,N/A
2025-03-31 20:44:59,16.28,15.71,50.42,102802.00,N/A
2025-03-31 20:45:59,16.27,15.72,50.42,102806.00,N/A
2025-03-31 20:47:00,16.27,15.72,50.40,102810.00,N/A
2025-03-31 20:48:01,16.26,15.71,50.33,102809.00,N/A
2025-03-31 20:49:02,16.27,15.71,50.31,102804.00,N/A
2025-03-31 20:50:03,16.24,15.70,50.31,102802.00,N/A
2025-03-31 20:51:02,16.26,15.70,50.34,102802.00,N/A
2025-03-31 20:52:03,16.27,15.70,50.40,102805.00,N/A
2025-03-31 20:53:04,16.24,15.70,50.31,102806.00,N/A
2025-03-31 20:54:05,16.30,15.70,50.36,102807.00,N/A
2025-03-31 20:55:06,16.26,15.71,50.45,102807.00,N/A
2025-03-31 20:56:06,16.27,15.71,50.35,102807.00,N/A
2025-03-31 20:57:07,16.25,15.71,50.31,102809.00,N/A
2025-03-31 20:58:08,16.25,15.71,50.36,102809.00,N/A
2025-03-31 20:59:08,16.26,15.71,50.36,102809.00,N/A
2025-03-31 21:00:09,16.27,15.71,50.38,102809.00,N/A
2025-03-31 21:01:10,16.26,15.70,50.37,102807.00,N/A
2025-03-31 21:02:10,16.29,15.70,50.35,102807.00,N/A
2025-03-31 21:03:11,16.24,15.70,50.39,102805.00,N/A
2025-03-31 21:04:12,16.26,15.70,50.35,102808.00,N/A
2025-03-31 21:05:12,16.25,15.70,50.33,102810.00,N/A
2025-03-31 21:06:13,16.23,15.70,50.36,102812.00,N/A
2025-03-31 21:07:13,16.25,15.69,50.33,102809.00,N/A
2025-03-31 21:08:13,16.24,15.69,50.32,102806.00,N/A
2025-03-31 21:09:14,16.24,15.69,50.35,102804.00,N/A
2025-03-31 21:10:15,16.24,15.68,50.35,102802.00,N/A
2025-03-31 21:11:16,16.23,15.68,50.36,102802.00,N/A
2025-03-31 21:12:16,16.26,15.67,50.32,102801.00,N/A
2025-03-31 21:13:17,16.24,15.67,50.37,102802.00,N/A
2025-03-31 21:14:18,16.24,15.67,50.36,102804.00,N/A
2025-03-31 21:15:19,16.23,15.67,50.35,102834.00,N/A
2025-03-31 21:16:20,16.24,15.67,50.45,102836.00,N/A
2025-03-31 21:17:20,16.23,15.67,50.50,102838.00,N/A
2025-03-31 21:18:20,16.23,15.67,50.48,102843.00,N/A
2025-03-31 21:19:21,16.23,15.67,50.51,102846.00,N/A
2025-03-31 21:20:22,16.24,15.68,50.56,102849.00,N/A
2025-03-31 21:21:23,16.24,15.68,50.57,102849.00,N/A
2025-03-31 21:22:24,16.24,15.68,50.63,102849.00,N/A
2025-03-31 21:23:24,16.24,15.68,50.63,102852.00,N/A
2025-03-31 21:24:25,16.24,15.68,50.63,102853.00,N/A
2025-03-31 21:25:25,16.23,15.68,50.62,102854.00,N/A
2025-03-31 21:26:26,16.24,15.68,50.70,102854.00,N/A
2025-03-31 21:27:26,16.23,15.68,50.70,102854.00,N/A
2025-03-31 21:28:26,16.23,15.68,50.71,102854.00,N/A
2025-03-31 21:29:26,16.24,15.68,50.69,102851.00,N/A
2025-03-31 21:30:27,16.24,15.68,50.69,102850.00,N/A
2025-03-31 21:31:28,16.23,15.68,50.71,102847.00,N/A
2025-03-31 21:32:29,16.24,15.68,50.74,102846.00,N/A
2025-03-31 21:33:29,16.24,15.68,50.79,102843.00,N/A
2025-03-31 21:34:30,16.23,15.68,50.77,102843.00,N/A
2025-03-31 21:35:31,16.23,15.68,50.76,102844.00,N/A
2025-03-31 21:36:32,16.23,15.67,50.81,102845.00,N/A
2025-03-31 21:37:33,16.24,15.68,50.86,102846.00,N/A
2025-03-31 21:38:33,16.23,15.68,50.82,102848.00,N/A
2025-03-31 21:39:34,16.24,15.67,50.83,102851.00,N/A
2025-03-31 21:40:35,16.22,15.68,50.86,102856.00,N/A
2025-03-31 21:41:36,16.22,15.68,50.87,102858.00,N/A
2025-03-31 21:42:35,16.25,15.68,50.93,102857.00,N/A
2025-03-31 21:43:36,16.24,15.67,50.90,102857.00,N/A
2025-03-31 21:44:37,16.23,15.67,50.94,102857.00,N/A
2025-03-31 21:45:38,16.23,15.68,50.98,102859.00,N/A
2025-03-31 21:46:39,16.25,15.68,50.96,102858.00,N/A
2025-03-31 21:47:40,16.23,15.67,50.97,102860.00,N/A
2025-03-31 21:48:40,16.24,15.68,51.02,102861.00,N/A
2025-03-31 21:49:41,16.24,15.68,51.04,102864.00,N/A
2025-03-31 21:50:41,16.24,15.67,51.06,102866.00,N/A
2025-03-31 21:51:42,16.22,15.67,51.08,102863.00,N/A
2025-03-31 21:52:42,16.23,15.67,51.09,102864.00,N/A
2025-03-31 21:53:43,16.24,15.67,51.13,102865.00,N/A
2025-03-31 21:54:44,16.22,15.67,51.12,102865.00,N/A
2025-03-31 21:55:45,16.23,15.68,51.16,102865.00,N/A
2025-03-31 21:56:45,16.24,15.68,51.17,102864.00,N/A
2025-03-31 21:57:46,16.23,15.68,51.16,102862.00,N/A
2025-03-31 21:58:46,16.24,15.68,51.16,102863.00,N/A
2025-03-31 21:59:46,16.24,15.68,51.21,102862.00,N/A
2025-03-31 22:00:47,16.23,15.68,51.24,102862.00,N/A
2025-03-31 22:01:48,16.23,15.68,51.23,102861.00,N/A
2025-03-31 22:02:49,16.23,15.68,51.28,102863.00,N/A
2025-03-31 22:03:50,16.22,15.68,51.24,102863.00,N/A
2025-03-31 22:04:50,16.25,15.68,51.28,102857.00,N/A
2025-03-31 22:05:51,16.24,15.68,51.33,102854.00,N/A
2025-03-31 22:06:52,16.24,15.68,51.33,102853.00,N/A
2025-03-31 22:07:53,16.23,15.68,51.33,102851.00,N/A
2025-03-31 22:08:54,16.24,15.68,51.31,102849.00,N/A
2025-03-31 22:09:54,16.24,15.68,51.31,102847.00,N/A
2025-03-31 22:10:55,16.24,15.68,51.38,102846.00,N/A
2025-03-31 22:11:56,16.23,15.67,51.36,102843.00,N/A
2025-03-31 22:12:56,16.23,15.67,51.37,102841.00,N/A
2025-03-31 22:13:57,16.25,15.67,51.42,102839.00,N/A
2025-03-31 22:14:58,16.23,15.67,51.40,102838.00,N/A
2025-03-31 22:15:59,16.23,15.67,51.45,102837.00,N/A
2025-03-31 22:17:00,16.23,15.68,51.46,102837.00,N/A
2025-03-31 22:18:00,16.25,15.67,51.47,102833.00,N/A
2025-03-31 22:19:01,16.24,15.67,51.48,102829.00,N/A
2025-03-31 22:20:01,16.26,15.67,51.49,102831.00,N/A
2025-03-31 22:21:02,16.24,15.68,51.52,102835.00,N/A
2025-03-31 22:22:03,16.24,15.67,51.47,102842.00,N/A
2025-03-31 22:23:03,16.23,15.67,51.54,102843.00,N/A
2025-03-31 22:24:04,16.24,15.67,51.54,102840.00,N/A
2025-03-31 22:25:04,16.23,15.67,51.53,102840.00,N/A
2025-03-31 22:26:05,16.24,15.66,51.56,102841.00,N/A
2025-03-31 22:27:05,16.22,15.67,51.59,102845.00,N/A
2025-03-31 22:28:06,16.24,15.67,51.62,102846.00,N/A
2025-03-31 22:29:07,16.23,15.67,51.61,102846.00,N/A
2025-03-31 22:30:08,16.22,15.67,51.57,102845.00,N/A
2025-03-31 22:31:09,16.23,15.66,51.63,102845.00,N/A
2025-03-31 22:32:09,16.20,15.66,51.64,102843.00,N/A
2025-03-31 22:33:10,16.24,15.66,51.64,102839.00,N/A
2025-03-31 22:34:10,16.24,15.66,51.66,102835.00,N/A
2025-03-31 22:35:11,16.22,15.66,51.65,102834.00,N/A
2025-03-31 22:36:11,16.20,15.66,51.69,102838.00,N/A
2025-03-31 22:37:12,16.23,15.65,51.65,102839.00,N/A
2025-03-31 22:38:13,16.19,15.65,51.70,102843.00,N/A
2025-03-31 22:39:14,16.21,15.65,51.72,102846.00,N/A
2025-03-31 22:40:14,16.20,15.65,51.69,102850.00,N/A
2025-03-31 22:41:15,16.22,15.65,51.71,102850.00,N/A
2025-03-31 22:42:15,16.22,15.65,51.76,102846.00,N/A
2025-03-31 22:43:16,16.21,15.65,51.77,102846.00,N/A
2025-03-31 22:44:17,16.18,15.64,51.78,102844.00,N/A
2025-03-31 22:45:18,16.19,15.64,51.78,102845.00,N/A
2025-03-31 22:46:18,16.19,15.64,51.77,102848.00,N/A
2025-03-31 22:47:19,16.19,15.64,51.80,102847.00,N/A
2025-03-31 22:48:20,16.18,15.63,51.83,102847.00,N/A
2025-03-31 22:49:20,16.20,15.63,51.82,102843.00,N/A
2025-03-31 22:50:20,16.21,15.63,51.85,102844.00,N/A
2025-03-31 22:51:20,16.20,15.63,51.83,102845.00,N/A
2025-03-31 22:52:21,16.20,15.63,51.87,102850.00,N/A
2025-03-31 22:53:22,16.19,15.63,51.89,102848.00,N/A
2025-03-31 22:54:22,16.18,15.63,51.89,102848.00,N/A
2025-03-31 22:55:23,16.20,15.62,51.92,102847.00,N/A
2025-03-31 22:56:23,16.18,15.62,51.89,102848.00,N/A
2025-03-31 22:57:24,16.19,15.62,51.93,102853.00,N/A
2025-03-31 22:58:25,16.19,15.62,51.95,102854.00,N/A
2025-03-31 22:59:25,16.16,15.61,51.96,102854.00,N/A
2025-03-31 23:00:26,16.18,15.61,51.94,102845.00,N/A
2025-03-31 23:01:26,16.17,15.61,51.95,102838.00,N/A
2025-03-31 23:02:27,16.15,15.61,52.01,102837.00,N/A
2025-03-31 23:03:28,16.16,15.60,52.01,102838.00,N/A
2025-03-31 23:04:29,16.16,15.60,52.03,102839.00,N/A
2025-03-31 23:05:30,16.17,15.60,52.01,102833.00,N/A
2025-03-31 23:06:30,16.18,15.59,52.06,102825.00,N/A
2025-03-31 23:07:31,16.16,15.59,52.06,102821.00,N/A
2025-03-31 23:08:31,16.15,15.59,52.11,102823.00,N/A
2025-03-31 23:09:32,16.14,15.59,52.08,102827.00,N/A
2025-03-31 23:10:33,16.14,15.59,52.07,102827.00,N/A
2025-03-31 23:11:34,16.12,15.58,52.13,102823.00,N/A
2025-03-31 23:12:35,16.13,15.58,52.12,102822.00,N/A
2025-03-31 23:13:35,16.11,15.58,52.11,102825.00,N/A
2025-03-31 23:14:36,16.15,15.58,52.16,102825.00,N/A
2025-03-31 23:15:36,16.13,15.58,52.14,102824.00,N/A
2025-03-31 23:16:37,16.12,15.58,52.16,102822.00,N/A
2025-03-31 23:17:38,16.15,15.57,52.19,102822.00,N/A
2025-03-31 23:18:39,16.13,15.57,52.16,102821.00,N/A
2025-03-31 23:19:40,16.13,15.57,52.22,102820.00,N/A
2025-03-31 23:20:40,16.13,15.57,52.16,102818.00,N/A
2025-03-31 23:21:41,16.14,15.57,52.19,102816.00,N/A
2025-03-31 23:22:42,16.12,15.56,52.25,102811.00,N/A
2025-03-31 23:23:42,16.11,15.56,52.25,102810.00,N/A
2025-03-31 23:24:43,16.13,15.56,52.25,102810.00,N/A
2025-03-31 23:25:44,16.12,15.56,52.24,102805.00,N/A
2025-03-31 23:26:44,16.13,15.56,52.28,102808.00,N/A
2025-03-31 23:27:44,16.09,15.56,52.25,102803.00,N/A
2025-03-31 23:28:45,16.13,15.55,52.31,102801.00,N/A
2025-03-31 23:29:46,16.12,15.55,52.29,102798.00,N/A
2025-03-31 23:30:47,16.10,15.55,52.29,102800.00,N/A
2025-03-31 23:31:48,16.11,15.55,52.31,102803.00,N/A
2025-03-31 23:32:47,16.12,15.55,52.31,102803.00,N/A
2025-03-31 23:33:48,16.08,15.55,52.33,102803.00,N/A
2025-03-31 23:34:49,16.08,15.54,52.34,102805.00,N/A
2025-03-31 23:35:49,16.11,15.54,52.36,102809.00,N/A
2025-03-31 23:36:50,16.09,15.54,52.35,102814.00,N/A
2025-03-31 23:37:50,16.09,15.54,52.41,102816.00,N/A
2025-03-31 23:38:51,16.10,15.54,52.38,102819.00,N/A
2025-03-31 23:39:52,16.11,15.54,52.41,102823.00,N/A
2025-03-31 23:40:52,16.08,15.54,52.42,102823.00,N/A
2025-03-31 23:41:52,16.09,15.53,52.41,102818.00,N/A
2025-03-31 23:42:53,16.09,15.53,52.41,102819.00,N/A
2025-03-31 23:43:53,16.09,15.53,52.47,102825.00,N/A
2025-03-31 23:44:54,16.11,15.54,52.45,102825.00,N/A
2025-03-31 23:45:55,16.07,15.53,52.42,102820.00,N/A
2025-03-31 23:46:55,16.10,15.53,52.43,102811.00,N/A
2025-03-31 23:47:56,16.06,15.53,52.47,102806.00,N/A
2025-03-31 23:48:57,16.07,15.52,52.47,102805.00,N/A
2025-03-31 23:49:58,16.08,15.52,52.47,102807.00,N/A
2025-03-31 23:50:58,16.05,15.51,52.51,102807.00,N/A
2025-03-31 23:51:59,16.05,15.51,52.50,102802.00,N/A
2025-03-31 23:52:59,16.05,15.51,52.51,102797.00,N/A
2025-03-31 23:54:00,16.05,15.50,52.46,102794.00,N/A
2025-03-31 23:55:01,16.07,15.50,52.52,102793.00,N/A
2025-03-31 23:56:02,16.05,15.50,52.55,102793.00,N/A
2025-03-31 23:57:02,16.07,15.50,52.52,102792.00,N/A
2025-03-31 23:58:03,16.06,15.50,52.51,102790.00,N/A
2025-03-31 23:59:04,16.08,15.50,52.57,102789.00,N/A
2025-04-01 00:00:05,16.05,15.50,52.60,102792.00,N/A
2025-04-01 00:01:05,16.03,15.49,52.59,102795.00,N/A
2025-04-01 00:02:06,16.05,15.49,52.58,102794.00,N/A
2025-04-01 00:03:06,16.04,15.49,52.59,102796.00,N/A
2025-04-01 00:04:07,16.07,15.49,52.59,102800.00,N/A
2025-04-01 00:05:08,16.05,15.49,52.61,102799.00,N/A
2025-04-01 00:06:09,16.06,15.49,52.64,102802.00,N/A
2025-04-01 00:07:10,16.05,15.49,52.62,102798.00,N/A
2025-04-01 00:08:10,16.05,15.49,52.64,102797.00,N/A
2025-04-01 00:09:11,16.04,15.48,52.62,102797.00,N/A
2025-04-01 00:10:12,16.04,15.48,52.66,102804.00,N/A
2025-04-01 00:11:13,16.04,15.48,52.67,102809.00,N/A
2025-04-01 00:12:13,16.03,15.48,52.66,102809.00,N/A
2025-04-01 00:13:14,16.03,15.47,52.68,102806.00,N/A
2025-04-01 00:14:14,16.02,15.47,52.71,102814.00,N/A
2025-04-01 00:15:15,16.02,15.47,52.71,102819.00,N/A
2025-04-01 00:16:16,16.03,15.47,52.75,102820.00,N/A
2025-04-01 00:17:17,16.04,15.47,52.72,102817.00,N/A
2025-04-01 00:18:17,16.02,15.46,52.72,102820.00,N/A
2025-04-01 00:19:18,16.01,15.46,52.74,102823.00,N/A
2025-04-01 00:20:19,16.01,15.46,52.77,102819.00,N/A
2025-04-01 00:21:19,16.00,15.46,52.77,102817.00,N/A
2025-04-01 00:22:19,16.00,15.45,52.78,102814.00,N/A
2025-04-01 00:23:20,16.01,15.45,52.82,102814.00,N/A
2025-04-01 00:24:20,16.02,15.45,52.80,102813.00,N/A
2025-04-01 00:25:21,16.01,15.45,52.81,102813.00,N/A
2025-04-01 00:26:22,16.00,15.44,52.79,102812.00,N/A
2025-04-01 00:27:23,15.99,15.44,52.84,102807.00,N/A
2025-04-01 00:28:23,16.00,15.44,52.85,102803.00,N/A
2025-04-01 00:29:24,15.99,15.44,52.86,102800.00,N/A
2025-04-01 00:30:24,15.99,15.44,52.87,102795.00,N/A
2025-04-01 00:31:25,16.01,15.44,52.84,102796.00,N/A
2025-04-01 00:32:26,16.00,15.44,52.89,102798.00,N/A
2025-04-01 00:33:26,16.00,15.43,52.89,102797.00,N/A
2025-04-01 00:34:27,15.98,15.43,52.91,102788.00,N/A
2025-04-01 00:35:27,15.96,15.43,52.91,102784.00,N/A
2025-04-01 00:36:28,15.99,15.43,52.87,102782.00,N/A
2025-04-01 00:37:29,15.98,15.43,52.90,102780.00,N/A
2025-04-01 00:38:30,15.96,15.42,52.92,102780.00,N/A
2025-04-01 00:39:30,15.98,15.42,52.94,102781.00,N/A
2025-04-01 00:40:30,15.97,15.41,52.92,102779.00,N/A
2025-04-01 00:41:31,15.96,15.41,52.96,102780.00,N/A
2025-04-01 00:42:32,15.96,15.41,52.98,102774.00,N/A
2025-04-01 00:43:33,15.98,15.41,53.01,102773.00,N/A
2025-04-01 00:44:33,15.96,15.40,52.98,102770.00,N/A
2025-04-01 00:45:34,15.97,15.40,53.00,102764.00,N/A
2025-04-01 00:46:35,15.97,15.40,53.06,102762.00,N/A
2025-04-01 00:47:36,15.96,15.39,53.03,102764.00,N/A
2025-04-01 00:48:36,15.95,15.39,53.06,102770.00,N/A
2025-04-01 00:49:36,15.94,15.39,53.06,102775.00,N/A
2025-04-01 00:50:37,15.95,15.39,53.06,102779.00,N/A
2025-04-01 00:51:37,15.96,15.39,53.09,102777.00,N/A
2025-04-01 00:52:38,15.95,15.38,53.11,102778.00,N/A
2025-04-01 00:53:39,15.94,15.38,53.12,102777.00,N/A
2025-04-01 00:54:39,15.95,15.38,53.12,102775.00,N/A
2025-04-01 00:55:40,15.94,15.37,53.14,102772.00,N/A
2025-04-01 00:56:41,15.94,15.37,53.12,102772.00,N/A
2025-04-01 00:57:42,15.91,15.37,53.16,102776.00,N/A
2025-04-01 00:58:42,15.92,15.37,53.19,102779.00,N/A
2025-04-01 00:59:43,15.92,15.37,53.18,102780.00,N/A
2025-04-01 01:00:44,15.93,15.37,53.18,102780.00,N/A
2025-04-01 01:01:45,15.91,15.37,53.17,102777.00,N/A
2025-04-01 01:02:46,15.92,15.36,53.20,102774.00,N/A
2025-04-01 01:03:46,15.91,15.35,53.22,102773.00,N/A
2025-04-01 01:04:47,15.91,15.35,53.23,102775.00,N/A
2025-04-01 01:05:48,15.90,15.35,53.22,102773.00,N/A
2025-04-01 01:06:49,15.92,15.35,53.25,102774.00,N/A
2025-04-01 01:07:49,15.91,15.35,53.25,102780.00,N/A
2025-04-01 01:08:49,15.92,15.35,53.27,102790.00,N/A
2025-04-01 01:09:50,15.91,15.35,53.25,102790.00,N/A
2025-04-01 01:10:51,15.90,15.35,53.27,102781.00,N/A
2025-04-01 01:11:52,15.90,15.34,53.28,102769.00,N/A
2025-04-01 01:12:52,15.92,15.34,53.30,102764.00,N/A
2025-04-01 01:13:53,15.88,15.34,53.27,102772.00,N/A
2025-04-01 01:14:54,15.87,15.34,53.31,102783.00,N/A
2025-04-01 01:15:55,15.87,15.34,53.32,102788.00,N/A
2025-04-01 01:16:54,15.88,15.34,53.32,102782.00,N/A
2025-04-01 01:17:56,15.89,15.33,53.31,102773.00,N/A
2025-04-01 01:18:56,15.90,15.33,53.35,102772.00,N/A
2025-04-01 01:19:57,15.89,15.33,53.34,102786.00,N/A
2025-04-01 01:20:58,15.88,15.33,53.38,102802.00,N/A
2025-04-01 01:21:58,15.88,15.33,53.34,102814.00,N/A
2025-04-01 01:22:59,15.91,15.33,53.38,102816.00,N/A
2025-04-01 01:23:59,15.89,15.33,53.38,102810.00,N/A
2025-04-01 01:25:00,15.89,15.33,53.37,102805.00,N/A
2025-04-01 01:26:00,15.89,15.33,53.41,102809.00,N/A
2025-04-01 01:27:02,15.86,15.32,53.41,102818.00,N/A
2025-04-01 01:28:02,15.89,15.32,53.40,102821.00,N/A
2025-04-01 01:29:02,15.88,15.32,53.43,102818.00,N/A
2025-04-01 01:30:04,15.89,15.32,53.46,102804.00,N/A
2025-04-01 01:31:04,15.87,15.32,53.44,102800.00,N/A
2025-04-01 01:32:05,15.86,15.31,53.44,102810.00,N/A
2025-04-01 01:33:05,15.87,15.31,53.46,102822.00,N/A
2025-04-01 01:34:06,15.87,15.31,53.45,102828.00,N/A
2025-04-01 01:35:07,15.87,15.31,53.46,102824.00,N/A
2025-04-01 01:36:08,15.86,15.31,53.49,102816.00,N/A
2025-04-01 01:37:09,15.88,15.31,53.48,102810.00,N/A
2025-04-01 01:38:10,15.85,15.31,53.49,102811.00,N/A
2025-04-01 01:39:10,15.85,15.30,53.48,102815.00,N/A
2025-04-01 01:40:11,15.85,15.30,53.50,102816.00,N/A
2025-04-01 01:41:12,15.85,15.30,53.51,102814.00,N/A
2025-04-01 01:42:11,15.87,15.30,53.52,102813.00,N/A
2025-04-01 01:43:12,15.84,15.30,53.52,102811.00,N/A
2025-04-01 01:44:13,15.86,15.30,53.51,102811.00,N/A
2025-04-01 01:45:14,15.85,15.30,53.49,102811.00,N/A
2025-04-01 01:46:14,15.84,15.29,53.53,102818.00,N/A
2025-04-01 01:47:15,15.83,15.29,53.53,102822.00,N/A
2025-04-01 01:48:16,15.84,15.29,53.56,102823.00,N/A
2025-04-01 01:49:16,15.82,15.29,53.55,102830.00,N/A
2025-04-01 01:50:17,15.84,15.29,53.54,102827.00,N/A
2025-04-01 01:51:18,15.84,15.28,53.56,102823.00,N/A
2025-04-01 01:52:18,15.84,15.28,53.57,102818.00,N/A
2025-04-01 01:53:18,15.84,15.28,53.57,102812.00,N/A
2025-04-01 01:54:18,15.83,15.28,53.57,102809.00,N/A
2025-04-01 01:55:19,15.84,15.28,53.57,102806.00,N/A
2025-04-01 01:56:20,15.83,15.28,53.57,102802.00,N/A
2025-04-01 01:57:21,15.82,15.27,53.59,102797.00,N/A
2025-04-01 01:58:22,15.81,15.27,53.60,102797.00,N/A
2025-04-01 01:59:22,15.85,15.27,53.56,102799.00,N/A
2025-04-01 02:00:23,15.83,15.27,53.59,102805.00,N/A
2025-04-01 02:01:24,15.82,15.27,53.60,102803.00,N/A
2025-04-01 02:02:24,15.82,15.27,53.62,102800.00,N/A
2025-04-01 02:03:25,15.81,15.26,53.63,102796.00,N/A
2025-04-01 02:04:26,15.84,15.27,53.61,102798.00,N/A
2025-04-01 02:05:27,15.82,15.26,53.62,102794.00,N/A
2025-04-01 02:06:28,15.82,15.26,53.63,102794.00,N/A
2025-04-01 02:07:28,15.80,15.26,53.62,102793.00,N/A
2025-04-01 02:08:28,15.82,15.26,53.63,102794.00,N/A
2025-04-01 02:09:29,15.82,15.25,53.64,102793.00,N/A
2025-04-01 02:10:30,15.82,15.25,53.64,102793.00,N/A
2025-04-01 02:11:30,15.80,15.25,53.65,102790.00,N/A
2025-04-01 02:12:31,15.82,15.25,53.65,102788.00,N/A
2025-04-01 02:13:32,15.81,15.24,53.65,102789.00,N/A
2025-04-01 02:14:32,15.79,15.24,53.63,102786.00,N/A
2025-04-01 02:15:33,15.81,15.24,53.66,102786.00,N/A
2025-04-01 02:16:33,15.79,15.24,53.67,102787.00,N/A
2025-04-01 02:17:34,15.80,15.23,53.63,102787.00,N/A
2025-04-01 02:18:34,15.78,15.23,53.67,102785.00,N/A
2025-04-01 02:19:35,15.78,15.23,53.68,102785.00,N/A
2025-04-01 02:20:36,15.78,15.23,53.67,102786.00,N/A
2025-04-01 02:21:36,15.79,15.23,53.66,102781.00,N/A
2025-04-01 02:22:37,15.78,15.23,53.70,102781.00,N/A
2025-04-01 02:23:37,15.78,15.22,53.68,102778.00,N/A
2025-04-01 02:24:38,15.75,15.22,53.68,102779.00,N/A
2025-04-01 02:25:39,15.77,15.21,53.68,102780.00,N/A
2025-04-01 02:26:39,15.76,15.21,53.71,102776.00,N/A
2025-04-01 02:27:40,15.76,15.21,53.70,102768.00,N/A
2025-04-01 02:28:41,15.76,15.20,53.71,102761.00,N/A
2025-04-01 02:29:42,15.75,15.20,53.68,102757.00,N/A
2025-04-01 02:30:42,15.77,15.20,53.67,102752.00,N/A
2025-04-01 02:31:43,15.77,15.20,53.70,102746.00,N/A
2025-04-01 02:32:44,15.76,15.19,53.69,102735.00,N/A
2025-04-01 02:33:45,15.75,15.19,53.69,102726.00,N/A
2025-04-01 02:34:45,15.74,15.18,53.70,102717.00,N/A
2025-04-01 02:35:46,15.74,15.18,53.71,102716.00,N/A
2025-04-01 02:36:47,15.76,15.18,53.68,102716.00,N/A
2025-04-01 02:37:48,15.74,15.17,53.68,102716.00,N/A
2025-04-01 02:38:48,15.73,15.17,53.70,102713.00,N/A
2025-04-01 02:39:48,15.73,15.17,53.71,102711.00,N/A
2025-04-01 02:40:49,15.73,15.17,53.76,102709.00,N/A
2025-04-01 02:41:49,15.73,15.17,53.72,102708.00,N/A
2025-04-01 02:42:50,15.74,15.17,53.72,102709.00,N/A
2025-04-01 02:43:51,15.73,15.16,53.73,102709.00,N/A
2025-04-01 02:44:52,15.72,15.16,53.72,102705.00,N/A
2025-04-01 02:45:52,15.71,15.15,53.70,102709.00,N/A
2025-04-01 02:46:53,15.69,15.15,53.75,102707.00,N/A
2025-04-01 02:47:53,15.71,15.15,53.73,102709.00,N/A
2025-04-01 02:48:54,15.69,15.15,53.71,102710.00,N/A
2025-04-01 02:49:55,15.70,15.15,53.73,102712.00,N/A
2025-04-01 02:50:55,15.71,15.14,53.74,102719.00,N/A
2025-04-01 02:51:56,15.71,15.14,53.76,102726.00,N/A
2025-04-01 02:52:56,15.69,15.14,53.76,102730.00,N/A
2025-04-01 02:53:57,15.70,15.15,53.76,102730.00,N/A
2025-04-01 02:54:57,15.69,15.14,53.75,102732.00,N/A
2025-04-01 02:55:58,15.67,15.13,53.76,102726.00,N/A
2025-04-01 02:56:58,15.70,15.13,53.74,102728.00,N/A
2025-04-01 02:57:58,15.68,15.12,53.75,102727.00,N/A
2025-04-01 02:58:59,15.70,15.12,53.76,102728.00,N/A
2025-04-01 03:00:00,15.68,15.12,53.75,102726.00,N/A
2025-04-01 03:01:01,15.68,15.12,53.77,102729.00,N/A
2025-04-01 03:02:02,15.68,15.11,53.76,102729.00,N/A
2025-04-01 03:03:02,15.68,15.11,53.78,102733.00,N/A
2025-04-01 03:04:03,15.67,15.11,53.77,102735.00,N/A
2025-04-01 03:05:04,15.67,15.11,53.79,102737.00,N/A
2025-04-01 03:06:05,15.68,15.11,53.80,102734.00,N/A
2025-04-01 03:07:06,15.65,15.10,53.77,102729.00,N/A
2025-04-01 03:08:06,15.66,15.10,53.78,102722.00,N/A
2025-04-01 03:09:07,15.67,15.10,53.76,102719.00,N/A
2025-04-01 03:10:08,15.65,15.10,53.77,102711.00,N/A
2025-04-01 03:11:08,15.64,15.10,53.78,102708.00,N/A
2025-04-01 03:12:08,15.66,15.09,53.78,102703.00,N/A
2025-04-01 03:13:09,15.64,15.09,53.77,102696.00,N/A
2025-04-01 03:14:10,15.66,15.09,53.77,102692.00,N/A
2025-04-01 03:15:11,15.65,15.09,53.78,102685.00,N/A
2025-04-01 03:16:12,15.63,15.08,53.78,102682.00,N/A
2025-04-01 03:17:13,15.63,15.08,53.77,102684.00,N/A
2025-04-01 03:18:14,15.62,15.08,53.79,102687.00,N/A
2025-04-01 03:19:14,15.63,15.08,53.83,102688.00,N/A
2025-04-01 03:20:15,15.63,15.08,53.81,102689.00,N/A
2025-04-01 03:21:16,15.64,15.08,53.83,102687.00,N/A
2025-04-01 03:22:16,15.63,15.07,53.82,102687.00,N/A
2025-04-01 03:23:17,15.63,15.07,53.81,102686.00,N/A
2025-04-01 03:24:18,15.62,15.07,53.80,102687.00,N/A
2025-04-01 03:25:19,15.62,15.07,53.79,102685.00,N/A
2025-04-01 03:26:21,15.61,15.07,53.83,102684.00,N/A
2025-04-01 03:27:21,15.61,15.06,53.82,102681.00,N/A
2025-04-01 03:28:22,15.64,15.06,53.81,102678.00,N/A
2025-04-01 03:29:22,15.62,15.06,53.83,102675.00,N/A
2025-04-01 03:30:23,15.62,15.06,53.84,102680.00,N/A
2025-04-01 03:31:23,15.61,15.06,53.85,102679.00,N/A
2025-04-01 03:32:24,15.63,15.05,53.84,102677.00,N/A
2025-04-01 03:33:24,15.62,15.05,53.83,102672.00,N/A
2025-04-01 03:34:25,15.62,15.05,53.84,102664.00,N/A
2025-04-01 03:35:25,15.60,15.05,53.86,102658.00,N/A
2025-04-01 03:36:26,15.59,15.05,53.85,102661.00,N/A
2025-04-01 03:37:27,15.60,15.05,53.82,102668.00,N/A
2025-04-01 03:38:27,15.61,15.05,53.83,102676.00,N/A
2025-04-01 03:39:28,15.60,15.05,53.85,102678.00,N/A
2025-04-01 03:40:29,15.59,15.05,53.82,102675.00,N/A
2025-04-01 03:41:30,15.61,15.05,53.88,102669.00,N/A
2025-04-01 03:42:31,15.60,15.04,53.85,102667.00,N/A
2025-04-01 03:43:32,15.61,15.04,53.87,102668.00,N/A
2025-04-01 03:44:32,15.58,15.04,53.83,102669.00,N/A
2025-04-01 03:45:34,15.58,15.03,53.84,102666.00,N/A
2025-04-01 03:46:34,15.59,15.03,53.83,102664.00,N/A
2025-04-01 03:47:34,15.61,15.03,53.86,102662.00,N/A
2025-04-01 03:48:34,15.58,15.03,53.88,102659.00,N/A
2025-04-01 03:49:35,15.60,15.03,53.85,102659.00,N/A
2025-04-01 03:50:36,15.58,15.03,53.86,102660.00,N/A
2025-04-01 03:51:37,15.60,15.03,53.86,102664.00,N/A
2025-04-01 03:52:37,15.58,15.02,53.87,102667.00,N/A
2025-04-01 03:53:38,15.57,15.02,53.89,102666.00,N/A
2025-04-01 03:54:39,15.57,15.02,53.91,102666.00,N/A
2025-04-01 03:55:39,15.57,15.02,53.89,102667.00,N/A
2025-04-01 03:56:39,15.58,15.02,53.90,102670.00,N/A
2025-04-01 03:57:40,15.58,15.01,53.87,102673.00,N/A
2025-04-01 03:58:40,15.57,15.01,53.87,102673.00,N/A
2025-04-01 03:59:40,15.56,15.01,53.87,102674.00,N/A
2025-04-01 04:00:41,15.56,15.01,53.90,102674.00,N/A
2025-04-01 04:01:42,15.56,15.00,53.89,102674.00,N/A
2025-04-01 04:02:42,15.57,15.00,53.90,102676.00,N/A
2025-04-01 04:03:42,15.54,15.00,53.90,102673.00,N/A
2025-04-01 04:04:43,15.55,15.00,53.91,102679.00,N/A
2025-04-01 04:05:44,15.57,15.00,53.93,102685.00,N/A
2025-04-01 04:06:45,15.54,14.99,53.96,102691.00,N/A
2025-04-01 04:07:45,15.54,14.99,53.93,102692.00,N/A
2025-04-01 04:08:46,15.55,14.99,53.92,102692.00,N/A
2025-04-01 04:09:47,15.54,14.99,53.96,102690.00,N/A
2025-04-01 04:10:48,15.55,14.99,53.94,102690.00,N/A
2025-04-01 04:11:49,15.54,14.98,53.97,102685.00,N/A
2025-04-01 04:12:50,15.55,14.98,53.94,102685.00,N/A
2025-04-01 04:13:50,15.52,14.98,53.97,102685.00,N/A
2025-04-01 04:14:51,15.54,14.98,53.97,102685.00,N/A
2025-04-01 04:15:52,15.53,14.98,53.95,102686.00,N/A
2025-04-01 04:16:53,15.53,14.98,53.94,102684.00,N/A
2025-04-01 04:17:53,15.53,14.97,53.95,102691.00,N/A
2025-04-01 04:18:53,15.53,14.98,53.98,102685.00,N/A
2025-04-01 04:19:54,15.53,14.97,53.95,102678.00,N/A
2025-04-01 04:20:55,15.53,14.97,53.98,102676.00,N/A
2025-04-01 04:21:56,15.52,14.96,53.99,102670.00,N/A
2025-04-01 04:22:56,15.50,14.96,53.97,102671.00,N/A
2025-04-01 04:23:57,15.52,14.95,53.99,102672.00,N/A
2025-04-01 04:24:58,15.50,14.96,53.99,102675.00,N/A
2025-04-01 04:25:57,15.50,14.96,54.00,102677.00,N/A
2025-04-01 04:26:58,15.49,14.95,54.03,102680.00,N/A
2025-04-01 04:27:58,15.52,14.95,54.04,102684.00,N/A
2025-04-01 04:28:59,15.53,14.96,54.01,102688.00,N/A
2025-04-01 04:30:00,15.50,14.95,54.01,102686.00,N/A
2025-04-01 04:31:01,15.53,14.95,54.01,102689.00,N/A
2025-04-01 04:32:02,15.52,14.95,54.02,102688.00,N/A
2025-04-01 04:33:02,15.49,14.95,54.00,102689.00,N/A
2025-04-01 04:34:03,15.52,14.95,54.02,102688.00,N/A
2025-04-01 04:35:04,15.50,14.94,54.08,102687.00,N/A
2025-04-01 04:36:05,15.50,14.94,54.05,102688.00,N/A
2025-04-01 04:37:05,15.50,14.94,54.05,102686.00,N/A
2025-04-01 04:38:06,15.48,14.94,54.07,102685.00,N/A
2025-04-01 04:39:06,15.49,14.93,54.04,102684.00,N/A
2025-04-01 04:40:07,15.48,14.93,54.04,102687.00,N/A
2025-04-01 04:41:08,15.49,14.93,54.06,102685.00,N/A
2025-04-01 04:42:09,15.49,14.93,54.06,102688.00,N/A
2025-04-01 04:43:09,15.49,14.93,54.04,102687.00,N/A
2025-04-01 04:44:10,15.49,14.93,54.05,102688.00,N/A
2025-04-01 04:45:11,15.50,14.93,54.05,102686.00,N/A
2025-04-01 04:46:12,15.47,14.93,54.07,102687.00,N/A
2025-04-01 04:47:12,15.48,14.92,54.06,102691.00,N/A
2025-04-01 04:48:13,15.51,14.92,54.04,102697.00,N/A
2025-04-01 04:49:13,15.48,14.92,54.11,102701.00,N/A
2025-04-01 04:50:14,15.51,14.92,54.07,102701.00,N/A
2025-04-01 04:51:15,15.48,14.92,54.09,102703.00,N/A
2025-04-01 04:52:16,15.46,14.92,54.09,102707.00,N/A
2025-04-01 04:53:17,15.48,14.91,54.07,102706.00,N/A
2025-04-01 04:54:18,15.47,14.91,54.05,102712.00,N/A
2025-04-01 04:55:19,15.48,14.91,54.07,102710.00,N/A
2025-04-01 04:56:20,15.45,14.90,54.06,102709.00,N/A
2025-04-01 04:57:20,15.47,14.90,54.11,102704.00,N/A
2025-04-01 04:58:21,15.48,14.90,54.07,102702.00,N/A
2025-04-01 04:59:21,15.48,14.90,54.12,102699.00,N/A
2025-04-01 05:00:21,15.45,14.90,54.09,102704.00,N/A
2025-04-01 05:01:22,15.47,14.90,54.09,102710.00,N/A
2025-04-01 05:02:23,15.47,14.90,54.10,102716.00,N/A
2025-04-01 05:03:24,15.45,14.89,54.11,102714.00,N/A
2025-04-01 05:04:23,15.46,14.89,54.10,102715.00,N/A
2025-04-01 05:05:24,15.45,14.89,54.11,102712.00,N/A
2025-04-01 05:06:24,15.45,14.89,54.09,102708.00,N/A
2025-04-01 05:07:25,15.44,14.89,54.09,102707.00,N/A
2025-04-01 05:08:25,15.45,14.88,54.11,102709.00,N/A
2025-04-01 05:09:26,15.46,14.88,54.09,102708.00,N/A
2025-04-01 05:10:27,15.43,14.88,54.10,102706.00,N/A
2025-04-01 05:11:28,15.45,14.87,54.11,102706.00,N/A
2025-04-01 05:12:28,15.44,14.87,54.14,102707.00,N/A
2025-04-01 05:13:28,15.42,14.87,54.13,102711.00,N/A
2025-04-01 05:14:28,15.44,14.87,54.11,102711.00,N/A
2025-04-01 05:15:29,15.45,14.86,54.15,102717.00,N/A
2025-04-01 05:16:30,15.42,14.86,54.15,102721.00,N/A
2025-04-01 05:17:30,15.42,14.86,54.12,102720.00,N/A
2025-04-01 05:18:30,15.42,14.86,54.16,102717.00,N/A
2025-04-01 05:19:31,15.42,14.85,54.17,102715.00,N/A
2025-04-01 05:20:31,15.43,14.85,54.12,102712.00,N/A
2025-04-01 05:21:32,15.43,14.85,54.12,102711.00,N/A
2025-04-01 05:22:33,15.40,14.85,54.16,102707.00,N/A
2025-04-01 05:23:33,15.41,14.85,54.16,102706.00,N/A
2025-04-01 05:24:34,15.40,14.85,54.17,102702.00,N/A
2025-04-01 05:25:34,15.41,14.84,54.12,102701.00,N/A
2025-04-01 05:26:34,15.42,14.84,54.16,102702.00,N/A
2025-04-01 05:27:35,15.40,14.84,54.19,102708.00,N/A
2025-04-01 05:28:36,15.42,14.84,54.18,102713.00,N/A
2025-04-01 05:29:37,15.41,14.84,54.17,102714.00,N/A
2025-04-01 05:30:38,15.41,14.83,54.16,102717.00,N/A
2025-04-01 05:31:38,15.39,14.83,54.21,102715.00,N/A
2025-04-01 05:32:39,15.39,14.83,54.18,102724.00,N/A
2025-04-01 05:33:39,15.39,14.83,54.19,102725.00,N/A
2025-04-01 05:34:40,15.40,14.83,54.19,102729.00,N/A
2025-04-01 05:35:41,15.40,14.83,54.19,102732.00,N/A
2025-04-01 05:36:41,15.40,14.83,54.15,102734.00,N/A
2025-04-01 05:37:42,15.39,14.83,54.17,102730.00,N/A
2025-04-01 05:38:42,15.40,14.83,54.21,102733.00,N/A
2025-04-01 05:39:42,15.38,14.82,54.19,102731.00,N/A
2025-04-01 05:40:42,15.39,14.82,54.21,102731.00,N/A
2025-04-01 05:41:43,15.38,14.82,54.18,102728.00,N/A
2025-04-01 05:42:44,15.38,14.82,54.19,102732.00,N/A
2025-04-01 05:43:45,15.38,14.82,54.21,102734.00,N/A
2025-04-01 05:44:45,15.37,14.82,54.22,102745.00,N/A
2025-04-01 05:45:46,15.38,14.82,54.24,102752.00,N/A
2025-04-01 05:46:47,15.37,14.82,54.19,102754.00,N/A
2025-04-01 05:47:47,15.39,14.81,54.21,102753.00,N/A
2025-04-01 05:48:47,15.38,14.81,54.23,102748.00,N/A
2025-04-01 05:49:49,15.38,14.81,54.23,102742.00,N/A
2025-04-01 05:50:49,15.38,14.81,54.26,102731.00,N/A
2025-04-01 05:51:50,15.36,14.81,54.20,102721.00,N/A
2025-04-01 05:52:51,15.36,14.81,54.26,102721.00,N/A
2025-04-01 05:53:52,15.37,14.80,54.23,102719.00,N/A
2025-04-01 05:54:52,15.37,14.80,54.27,102729.00,N/A
2025-04-01 05:55:53,15.35,14.80,54.24,102733.00,N/A
2025-04-01 05:56:54,15.36,14.80,54.28,102732.00,N/A
2025-04-01 05:57:54,15.38,14.80,54.28,102739.00,N/A
2025-04-01 05:58:55,15.35,14.80,54.26,102740.00,N/A
2025-04-01 05:59:56,15.37,14.80,54.29,102742.00,N/A
2025-04-01 06:00:56,15.35,14.79,54.26,102745.00,N/A
2025-04-01 06:01:56,15.38,14.79,54.24,102746.00,N/A
2025-04-01 06:02:57,15.35,14.79,54.29,102737.00,N/A
2025-04-01 06:03:57,15.36,14.79,54.28,102735.00,N/A
2025-04-01 06:04:58,15.34,14.79,54.29,102730.00,N/A
2025-04-01 06:05:59,15.36,14.79,54.28,102728.00,N/A
2025-04-01 06:07:00,15.37,14.79,54.27,102734.00,N/A
2025-04-01 06:08:00,15.33,14.79,54.29,102741.00,N/A
2025-04-01 06:09:01,15.37,14.78,54.31,102739.00,N/A
2025-04-01 06:10:02,15.34,14.78,54.31,102739.00,N/A
2025-04-01 06:11:03,15.34,14.78,54.30,102731.00,N/A
2025-04-01 06:12:03,15.35,14.78,54.31,102730.00,N/A
2025-04-01 06:13:04,15.35,14.78,54.31,102735.00,N/A
2025-04-01 06:14:05,15.34,14.78,54.30,102742.00,N/A
2025-04-01 06:15:05,15.35,14.78,54.30,102748.00,N/A
2025-04-01 06:16:06,15.31,14.78,54.30,102752.00,N/A
2025-04-01 06:17:07,15.35,14.78,54.30,102754.00,N/A
2025-04-01 06:18:08,15.34,14.78,54.29,102754.00,N/A
2025-04-01 06:19:08,15.35,14.78,54.31,102753.00,N/A
2025-04-01 06:20:08,15.33,14.78,54.31,102753.00,N/A
2025-04-01 06:21:09,15.35,14.77,54.31,102754.00,N/A
2025-04-01 06:22:10,15.33,14.77,54.33,102752.00,N/A
2025-04-01 06:23:11,15.33,14.77,54.31,102753.00,N/A
2025-04-01 06:24:11,15.34,14.77,54.32,102750.00,N/A
2025-04-01 06:25:12,15.34,14.77,54.34,102753.00,N/A
2025-04-01 06:26:13,15.34,14.77,54.32,102750.00,N/A
2025-04-01 06:27:14,15.33,14.77,54.29,102753.00,N/A
2025-04-01 06:28:14,15.33,14.77,54.32,102756.00,N/A
2025-04-01 06:29:15,15.31,14.76,54.31,102759.00,N/A
2025-04-01 06:30:16,15.33,14.76,54.33,102760.00,N/A
2025-04-01 06:31:17,15.33,14.76,54.32,102762.00,N/A
2025-04-01 06:32:18,15.33,14.76,54.33,102762.00,N/A
2025-04-01 06:33:17,15.33,14.76,54.32,102767.00,N/A
2025-04-01 06:34:18,15.32,14.75,54.34,102769.00,N/A
2025-04-01 06:35:19,15.31,14.75,54.32,102773.00,N/A
2025-04-01 06:36:19,15.33,14.75,54.33,102780.00,N/A
2025-04-01 06:37:20,15.34,14.75,54.32,102784.00,N/A
2025-04-01 06:38:20,15.31,14.74,54.36,102781.00,N/A
2025-04-01 06:39:20,15.31,14.74,54.35,102779.00,N/A
2025-04-01 06:40:21,15.30,14.74,54.35,102770.00,N/A
2025-04-01 06:41:21,15.29,14.73,54.31,102765.00,N/A
2025-04-01 06:42:22,15.30,14.73,54.35,102762.00,N/A
2025-04-01 06:43:23,15.33,14.73,54.36,102757.00,N/A
2025-04-01 06:44:24,15.29,14.73,54.33,102752.00,N/A
2025-04-01 06:45:25,15.31,14.73,54.34,102745.00,N/A
2025-04-01 06:46:25,15.29,14.73,54.34,102742.00,N/A
2025-04-01 06:47:26,15.29,14.73,54.35,102740.00,N/A
2025-04-01 06:48:27,15.30,14.72,54.35,102746.00,N/A
2025-04-01 06:49:28,15.29,14.72,54.36,102744.00,N/A
2025-04-01 06:50:29,15.28,14.72,54.38,102749.00,N/A
2025-04-01 06:51:30,15.27,14.72,54.38,102751.00,N/A
2025-04-01 06:52:31,15.26,14.72,54.35,102750.00,N/A
2025-04-01 06:53:31,15.26,14.71,54.37,102750.00,N/A
2025-04-01 06:54:32,15.29,14.71,54.38,102748.00,N/A
2025-04-01 06:55:33,15.27,14.71,54.37,102737.00,N/A
2025-04-01 06:56:33,15.28,14.71,54.39,102730.00,N/A
2025-04-01 06:57:34,15.27,14.71,54.37,102727.00,N/A
2025-04-01 06:58:35,15.26,14.71,54.36,102723.00,N/A
2025-04-01 06:59:36,15.29,14.70,54.40,102721.00,N/A
2025-04-01 07:00:36,15.27,14.70,54.40,102720.00,N/A
2025-04-01 07:01:37,15.27,14.70,54.40,102718.00,N/A
2025-04-01 07:02:38,15.27,14.70,54.40,102724.00,N/A
2025-04-01 07:03:38,15.26,14.70,54.41,102726.00,N/A
2025-04-01 07:04:38,15.26,14.70,54.39,102730.00,N/A
2025-04-01 07:05:39,15.25,14.69,54.41,102730.00,N/A
2025-04-01 07:06:39,15.28,14.69,54.38,102731.00,N/A
2025-04-01 07:07:40,15.27,14.70,54.38,102729.00,N/A
2025-04-01 07:08:41,15.26,14.69,54.40,102727.00,N/A
2025-04-01 07:09:41,15.26,14.69,54.41,102728.00,N/A
2025-04-01 07:10:42,15.26,14.69,54.41,102734.00,N/A
2025-04-01 07:11:43,15.26,14.69,54.42,102736.00,N/A
2025-04-01 07:12:43,15.24,14.68,54.40,102737.00,N/A
2025-04-01 07:13:44,15.25,14.69,54.44,102737.00,N/A
2025-04-01 07:14:44,15.24,14.68,54.41,102736.00,N/A
2025-04-01 07:15:45,15.25,14.68,54.43,102736.00,N/A
2025-04-01 07:16:46,15.23,14.68,54.45,102731.00,N/A
2025-04-01 07:17:46,15.24,14.68,54.40,102728.00,N/A
2025-04-01 07:18:46,15.24,14.68,54.42,102722.00,N/A
2025-04-01 07:19:47,15.25,14.68,54.43,102718.00,N/A
2025-04-01 07:20:48,15.24,14.68,54.43,102710.00,N/A
2025-04-01 07:21:48,15.23,14.67,54.46,102711.00,N/A
2025-04-01 07:22:48,15.24,14.67,54.44,102711.00,N/A
2025-04-01 07:23:48,15.25,14.66,54.46,102711.00,N/A
2025-04-01 07:24:49,15.24,14.67,54.45,102708.00,N/A
2025-04-01 07:25:49,15.24,14.66,54.49,102710.00,N/A
2025-04-01 07:26:50,15.25,14.66,54.46,102718.00,N/A
2025-04-01 07:27:49,15.25,14.67,54.47,102719.00,N/A
2025-04-01 07:28:50,15.24,14.67,54.47,102725.00,N/A
2025-04-01 07:29:51,15.24,14.67,54.46,102726.00,N/A
2025-04-01 07:30:52,15.23,14.67,54.48,102727.00,N/A
2025-04-01 07:31:53,15.22,14.67,54.49,102727.00,N/A
2025-04-01 07:32:54,15.24,14.66,54.48,102725.00,N/A
2025-04-01 07:33:54,15.23,14.66,54.49,102722.00,N/A
2025-04-01 07:34:55,15.23,14.65,54.49,102720.00,N/A
2025-04-01 07:35:55,15.21,14.65,54.48,102721.00,N/A
2025-04-01 07:36:55,15.21,14.65,54.52,102711.00,N/A
2025-04-01 07:37:56,15.21,14.65,54.48,102705.00,N/A
2025-04-01 07:38:57,15.23,14.65,54.54,102704.00,N/A
2025-04-01 07:39:57,15.24,14.65,54.49,102705.00,N/A
2025-04-01 07:40:58,15.22,14.64,54.48,102704.00,N/A
2025-04-01 07:41:59,15.21,14.64,54.48,102709.00,N/A
2025-04-01 07:43:00,15.18,14.64,54.50,102712.00,N/A
2025-04-01 07:44:00,15.19,14.64,54.54,102723.00,N/A
2025-04-01 07:45:01,15.18,14.63,54.52,102731.00,N/A
2025-04-01 07:46:02,15.19,14.63,54.53,102740.00,N/A
2025-04-01 07:47:02,15.19,14.64,54.53,102745.00,N/A
2025-04-01 07:48:03,15.21,14.63,54.55,102746.00,N/A
2025-04-01 07:49:04,15.20,14.63,54.55,102740.00,N/A
2025-04-01 07:50:04,15.19,14.63,54.52,102736.00,N/A
2025-04-01 07:51:05,15.19,14.62,54.52,102732.00,N/A
2025-04-01 07:52:06,15.19,14.62,54.54,102732.00,N/A
2025-04-01 07:53:07,15.21,14.64,54.66,102734.00,N/A
2025-04-01 07:54:08,15.26,14.70,54.93,102735.00,N/A
2025-04-01 07:55:09,15.31,14.77,55.29,102737.00,N/A
2025-04-01 07:56:09,15.39,14.84,56.07,102741.00,N/A
2025-04-01 07:57:10,15.45,14.90,56.71,102749.00,N/A
2025-04-01 07:58:11,15.51,14.96,57.24,102749.00,N/A
2025-04-01 07:59:12,15.55,15.00,57.67,102754.00,N/A
2025-04-01 08:00:12,15.62,15.04,57.78,102758.00,N/A
2025-04-01 08:01:13,15.60,15.07,57.80,102762.00,N/A
2025-04-01 08:02:14,15.63,15.10,57.90,102767.00,N/A
2025-04-01 08:03:14,15.63,15.12,57.90,102769.00,N/A
2025-04-01 08:04:15,15.65,15.14,57.95,102771.00,N/A
2025-04-01 08:05:15,15.69,15.16,58.02,102770.00,N/A
2025-04-01 08:06:16,15.72,15.18,58.07,102769.00,N/A
2025-04-01 08:07:16,15.72,15.19,58.15,102765.00,N/A
2025-04-01 08:08:17,15.73,15.20,58.31,102757.00,N/A
2025-04-01 08:09:17,15.74,15.22,58.37,102755.00,N/A
2025-04-01 08:10:18,15.75,15.23,58.41,102752.00,N/A
2025-04-01 08:11:18,15.80,15.24,58.43,102754.00,N/A
2025-04-01 08:12:19,15.80,15.26,58.55,102756.00,N/A
2025-04-01 08:13:20,15.82,15.28,58.68,102760.00,N/A
2025-04-01 08:14:21,15.82,15.30,58.90,102760.00,N/A
2025-04-01 08:15:21,15.85,15.31,59.05,102762.00,N/A
2025-04-01 08:16:22,15.88,15.33,59.33,102753.00,N/A
2025-04-01 08:17:22,15.89,15.35,59.45,102754.00,N/A
2025-04-01 08:18:23,15.88,15.36,59.51,102752.00,N/A
2025-04-01 08:19:24,15.89,15.38,59.56,102754.00,N/A
2025-04-01 08:20:25,15.91,15.39,59.66,102760.00,N/A
2025-04-01 08:21:26,15.95,15.40,59.69,102758.00,N/A
2025-04-01 08:22:26,15.94,15.42,59.68,102760.00,N/A
2025-04-01 08:23:27,15.96,15.44,59.77,102761.00,N/A
2025-04-01 08:24:27,15.99,15.45,59.88,102762.00,N/A
2025-04-01 08:25:28,16.03,15.47,59.96,102759.00,N/A
2025-04-01 08:26:28,16.01,15.49,59.97,102752.00,N/A
2025-04-01 08:27:28,16.02,15.49,60.09,102753.00,N/A
2025-04-01 08:28:28,16.03,15.49,60.20,102756.00,N/A
2025-04-01 08:29:29,16.00,15.49,60.23,102755.00,N/A
2025-04-01 08:30:30,16.03,15.49,60.24,102760.00,N/A
2025-04-01 08:31:30,16.02,15.48,60.26,102765.00,N/A
2025-04-01 08:32:31,16.00,15.48,60.25,102767.00,N/A
2025-04-01 08:33:31,16.00,15.48,60.16,102770.00,N/A
2025-04-01 08:34:32,16.01,15.48,60.10,102773.00,N/A
2025-04-01 08:35:33,16.00,15.47,60.10,102771.00,N/A
2025-04-01 08:36:34,16.03,15.47,60.06,102777.00,N/A
2025-04-01 08:37:34,16.03,15.48,60.05,102782.00,N/A
2025-04-01 08:38:35,15.98,15.48,59.96,102779.00,N/A
2025-04-01 08:39:36,16.02,15.48,59.97,102776.00,N/A
2025-04-01 08:40:36,16.03,15.48,59.93,102773.00,N/A
2025-04-01 08:41:37,16.01,15.48,59.85,102768.00,N/A
2025-04-01 08:42:37,16.03,15.48,59.82,102772.00,N/A
2025-04-01 08:43:38,16.03,15.48,59.78,102767.00,N/A
2025-04-01 08:44:39,16.03,15.49,59.72,102761.00,N/A
2025-04-01 08:45:40,16.04,15.49,59.74,102762.00,N/A
2025-04-01 08:46:40,16.01,15.48,59.67,102758.00,N/A
2025-04-01 08:47:41,16.03,15.48,59.64,102755.00,N/A
2025-04-01 08:48:41,16.03,15.49,59.61,102748.00,N/A
2025-04-01 08:49:42,16.03,15.49,59.57,102752.00,N/A
2025-04-01 08:50:42,16.02,15.49,59.55,102755.00,N/A
2025-04-01 08:51:43,16.05,15.49,59.51,102753.00,N/A
2025-04-01 08:52:43,16.03,15.49,59.47,102765.00,N/A
2025-04-01 08:53:44,16.02,15.50,59.45,102763.00,N/A
2025-04-01 08:54:45,16.03,15.49,59.41,102764.00,N/A
2025-04-01 08:55:46,16.05,15.49,59.39,102770.00,N/A
2025-04-01 08:56:46,16.04,15.49,59.34,102772.00,N/A
2025-04-01 08:57:47,16.04,15.49,59.33,102775.00,N/A
2025-04-01 08:58:48,16.04,15.49,59.29,102780.00,N/A
2025-04-01 08:59:48,16.00,15.49,59.22,102780.00,N/A
2025-04-01 09:00:48,16.02,15.49,59.23,102780.00,N/A
2025-04-01 09:01:49,16.03,15.49,59.21,102778.00,N/A
2025-04-01 09:02:49,16.01,15.49,59.15,102773.00,N/A
2025-04-01 09:03:50,16.05,15.49,59.11,102770.00,N/A
2025-04-01 09:04:51,16.03,15.49,59.08,102763.00,N/A
2025-04-01 09:05:52,16.04,15.49,59.09,102766.00,N/A
2025-04-01 09:06:52,16.01,15.48,59.06,102766.00,N/A
2025-04-01 09:07:52,16.03,15.49,58.99,102768.00,N/A
2025-04-01 09:08:53,16.01,15.49,59.00,102770.00,N/A
2025-04-01 09:09:54,16.03,15.49,58.98,102773.00,N/A
2025-04-01 09:10:55,16.03,15.49,58.90,102770.00,N/A
2025-04-01 09:11:56,16.06,15.50,58.92,102776.00,N/A
2025-04-01 09:12:56,16.03,15.50,58.94,102771.00,N/A
2025-04-01 09:13:57,16.03,15.50,58.96,102772.00,N/A
2025-04-01 09:14:58,16.05,15.50,58.98,102766.00,N/A
2025-04-01 09:15:59,16.04,15.50,58.97,102768.00,N/A
2025-04-01 09:17:00,16.03,15.50,58.92,102765.00,N/A
2025-04-01 09:18:00,16.04,15.50,58.90,102768.00,N/A
2025-04-01 09:19:00,16.03,15.50,58.85,102773.00,N/A
2025-04-01 09:20:01,16.02,15.50,58.85,102779.00,N/A
2025-04-01 09:21:02,16.04,15.50,58.82,102777.00,N/A
2025-04-01 09:22:03,16.04,15.49,58.82,102776.00,N/A
2025-04-01 09:23:04,16.00,15.49,58.78,102776.00,N/A
2025-04-01 09:24:04,16.01,15.49,58.77,102773.00,N/A
2025-04-01 09:25:05,16.01,15.49,58.76,102774.00,N/A
2025-04-01 09:26:06,16.02,15.48,58.72,102770.00,N/A
2025-04-01 09:27:06,16.02,15.48,58.71,102773.00,N/A
2025-04-01 09:28:07,16.00,15.48,58.69,102777.00,N/A
2025-04-01 09:29:07,16.03,15.48,58.70,102784.00,N/A
2025-04-01 09:30:08,16.01,15.48,58.68,102788.00,N/A
2025-04-01 09:31:08,16.03,15.48,58.61,102791.00,N/A
2025-04-01 09:32:09,16.02,15.49,58.60,102791.00,N/A
2025-04-01 09:33:10,16.03,15.49,58.55,102796.00,N/A
2025-04-01 09:34:11,16.03,15.49,58.60,102795.00,N/A
2025-04-01 09:35:11,16.03,15.49,58.64,102792.00,N/A
2025-04-01 09:36:12,16.03,15.49,58.72,102789.00,N/A
2025-04-01 09:37:12,16.03,15.49,58.71,102788.00,N/A
2025-04-01 09:38:13,16.01,15.48,58.69,102787.00,N/A
2025-04-01 09:39:13,16.03,15.49,58.70,102786.00,N/A
2025-04-01 09:40:14,16.01,15.49,58.65,102787.00,N/A
2025-04-01 09:41:15,16.02,15.48,58.66,102786.00,N/A
2025-04-01 09:42:15,16.03,15.48,58.68,102786.00,N/A
2025-04-01 09:43:16,16.01,15.48,58.63,102786.00,N/A
2025-04-01 09:44:17,16.01,15.48,58.61,102788.00,N/A
2025-04-01 09:45:17,16.01,15.48,58.59,102791.00,N/A
2025-04-01 09:46:17,16.04,15.48,58.57,102788.00,N/A
2025-04-01 09:47:18,16.01,15.48,58.55,102792.00,N/A
2025-04-01 09:48:19,16.01,15.48,58.50,102794.00,N/A
2025-04-01 09:49:19,16.03,15.48,58.50,102794.00,N/A
2025-04-01 09:50:19,16.02,15.48,58.47,102796.00,N/A
2025-04-01 09:51:20,16.01,15.48,58.46,102792.00,N/A
2025-04-01 09:52:21,16.01,15.47,58.44,102789.00,N/A
2025-04-01 09:53:22,16.00,15.47,58.43,102787.00,N/A
2025-04-01 09:54:22,16.00,15.47,58.42,102787.00,N/A
2025-04-01 09:55:23,16.01,15.47,58.43,102791.00,N/A
2025-04-01 09:56:23,15.98,15.47,58.42,102792.00,N/A
2025-04-01 09:57:24,16.00,15.46,58.38,102792.00,N/A
2025-04-01 09:58:25,16.01,15.46,58.39,102794.00,N/A
2025-04-01 09:59:25,15.98,15.46,58.38,102793.00,N/A
2025-04-01 10:00:25,15.99,15.46,58.35,102793.00,N/A
2025-04-01 10:01:26,16.00,15.46,58.34,102800.00,N/A
2025-04-01 10:02:27,15.99,15.46,58.32,102802.00,N/A
2025-04-01 10:03:27,16.01,15.46,58.30,102805.00,N/A
2025-04-01 10:04:28,16.01,15.46,58.24,102809.00,N/A
2025-04-01 10:05:29,16.00,15.46,58.23,102813.00,N/A
2025-04-01 10:06:29,15.99,15.46,58.28,102811.00,N/A
2025-04-01 10:07:30,16.00,15.46,58.23,102819.00,N/A
2025-04-01 10:08:31,16.01,15.46,58.19,102816.00,N/A
2025-04-01 10:09:31,16.00,15.46,58.18,102816.00,N/A
2025-04-01 10:10:32,15.99,15.46,58.18,102818.00,N/A
2025-04-01 10:11:33,16.00,15.46,58.17,102813.00,N/A
2025-04-01 10:12:33,15.98,15.46,58.15,102807.00,N/A
2025-04-01 10:13:34,16.01,15.46,58.13,102805.00,N/A
2025-04-01 10:14:34,16.00,15.46,58.11,102802.00,N/A
2025-04-01 10:15:35,16.01,15.46,58.09,102793.00,N/A
2025-04-01 10:16:36,15.99,15.46,58.11,102787.00,N/A
2025-04-01 10:17:37,16.00,15.46,58.06,102782.00,N/A
2025-04-01 10:18:38,15.97,15.46,58.05,102769.00,N/A
2025-04-01 10:19:39,16.00,15.46,58.04,102764.00,N/A
2025-04-01 10:20:38,15.98,15.46,58.03,102762.00,N/A
2025-04-01 10:21:39,16.01,15.46,58.02,102762.00,N/A
2025-04-01 10:22:39,15.99,15.46,57.99,102765.00,N/A
2025-04-01 10:23:39,16.02,15.46,57.98,102763.00,N/A
2025-04-01 10:24:40,16.00,15.46,57.97,102764.00,N/A
2025-04-01 10:25:40,15.99,15.46,57.94,102762.00,N/A
2025-04-01 10:26:41,16.01,15.46,57.97,102765.00,N/A
2025-04-01 10:27:41,16.00,15.46,57.94,102764.00,N/A
2025-04-01 10:28:41,15.99,15.46,57.95,102759.00,N/A
2025-04-01 10:29:41,16.01,15.46,57.91,102758.00,N/A
2025-04-01 10:30:42,15.97,15.46,57.90,102749.00,N/A
2025-04-01 10:31:43,16.01,15.46,57.89,102746.00,N/A
2025-04-01 10:32:43,16.00,15.46,57.90,102740.00,N/A
2025-04-01 10:33:43,15.99,15.46,57.86,102738.00,N/A
2025-04-01 10:34:43,16.00,15.47,57.90,102736.00,N/A
2025-04-01 10:35:44,15.99,15.47,57.86,102731.00,N/A
2025-04-01 10:36:45,16.00,15.47,57.85,102734.00,N/A
2025-04-01 10:37:46,16.00,15.47,57.83,102725.00,N/A
2025-04-01 10:38:47,16.02,15.48,57.82,102721.00,N/A
2025-04-01 10:39:47,16.02,15.48,57.81,102726.00,N/A
2025-04-01 10:40:47,16.01,15.48,57.78,102723.00,N/A
2025-04-01 10:41:48,16.02,15.48,57.80,102723.00,N/A
2025-04-01 10:42:48,16.03,15.48,57.78,102719.00,N/A
2025-04-01 10:43:49,16.04,15.48,57.78,102723.00,N/A
2025-04-01 10:44:49,16.01,15.48,57.74,102727.00,N/A
2025-04-01 10:45:50,16.03,15.47,57.77,102726.00,N/A
2025-04-01 10:46:51,16.01,15.47,57.76,102723.00,N/A
2025-04-01 10:47:51,16.01,15.47,57.78,102725.00,N/A
2025-04-01 10:48:51,16.00,15.46,57.74,102727.00,N/A
2025-04-01 10:49:52,16.00,15.46,57.80,102731.00,N/A
2025-04-01 10:50:53,15.99,15.45,57.77,102729.00,N/A
2025-04-01 10:51:53,15.99,15.45,57.77,102730.00,N/A
2025-04-01 10:52:54,15.99,15.45,57.76,102727.00,N/A
2025-04-01 10:53:54,15.98,15.44,57.77,102731.00,N/A
2025-04-01 10:54:55,15.96,15.44,57.75,102726.00,N/A
2025-04-01 10:55:55,15.97,15.43,57.77,102727.00,N/A
2025-04-01 10:56:56,15.97,15.43,57.77,102727.00,N/A
2025-04-01 10:57:56,15.96,15.43,57.78,102733.00,N/A
2025-04-01 10:58:57,15.95,15.42,57.79,102676.00,N/A
2025-04-01 10:59:57,15.95,15.42,57.77,102680.00,N/A
2025-04-01 11:00:58,15.94,15.41,57.80,102678.00,N/A
2025-04-01 11:01:59,15.95,15.40,57.80,102678.00,N/A
2025-04-01 11:03:00,15.92,15.39,57.75,102679.00,N/A
2025-04-01 11:04:01,15.93,15.39,57.74,102677.00,N/A
2025-04-01 11:05:01,15.93,15.39,57.75,102672.00,N/A
2025-04-01 11:06:02,15.91,15.39,57.71,102674.00,N/A
2025-04-01 11:07:03,15.95,15.38,57.71,102672.00,N/A
2025-04-01 11:08:04,15.92,15.38,57.66,102669.00,N/A
2025-04-01 11:09:05,15.87,15.37,57.64,102668.00,N/A
2025-04-01 11:10:05,15.91,15.36,57.65,102667.00,N/A
2025-04-01 11:11:05,15.90,15.36,57.61,102667.00,N/A
2025-04-01 11:12:06,15.91,15.35,57.65,102660.00,N/A
2025-04-01 11:13:07,15.91,15.34,57.56,102659.00,N/A
2025-04-01 11:14:07,15.90,15.34,57.56,102657.00,N/A
2025-04-01 11:15:08,15.88,15.33,57.54,102659.00,N/A
2025-04-01 11:16:08,15.86,15.33,57.52,102662.00,N/A
2025-04-01 11:17:09,15.85,15.33,57.46,102706.00,N/A
2025-04-01 11:18:10,15.85,15.33,57.43,102711.00,N/A
2025-04-01 11:19:10,15.87,15.33,57.41,102708.00,N/A
2025-04-01 11:20:11,15.86,15.33,57.41,102709.00,N/A
2025-04-01 11:21:12,15.88,15.33,57.34,102707.00,N/A
2025-04-01 11:22:13,15.88,15.33,57.31,102708.00,N/A
2025-04-01 11:23:13,15.88,15.33,57.25,102708.00,N/A
2025-04-01 11:24:13,15.87,15.34,57.18,102709.00,N/A
2025-04-01 11:25:14,15.87,15.34,57.15,102709.00,N/A
2025-04-01 11:26:14,15.90,15.34,57.10,102713.00,N/A
2025-04-01 11:27:15,15.89,15.33,57.13,102713.00,N/A
2025-04-01 11:28:16,15.86,15.33,57.08,102708.00,N/A
2025-04-01 11:29:17,15.88,15.33,57.07,102702.00,N/A
2025-04-01 11:30:18,15.88,15.33,57.02,102694.00,N/A
2025-04-01 11:31:18,15.87,15.33,57.06,102693.00,N/A
2025-04-01 11:32:20,15.88,15.33,57.04,102689.00,N/A
2025-04-01 11:33:21,15.85,15.33,57.06,102688.00,N/A
2025-04-01 11:34:21,15.88,15.32,57.03,102689.00,N/A
2025-04-01 11:35:21,15.86,15.32,57.05,102690.00,N/A
2025-04-01 11:36:21,15.85,15.32,57.07,102689.00,N/A
2025-04-01 11:37:22,15.86,15.32,57.05,102686.00,N/A
2025-04-01 11:38:23,15.86,15.32,57.07,102683.00,N/A
2025-04-01 11:39:24,15.86,15.31,57.04,102681.00,N/A
2025-04-01 11:40:24,15.88,15.32,57.07,102682.00,N/A
2025-04-01 11:41:25,15.89,15.32,57.07,102679.00,N/A
2025-04-01 11:42:25,15.86,15.32,57.04,102678.00,N/A
2025-04-01 11:43:26,15.86,15.33,57.07,102679.00,N/A
2025-04-01 11:44:27,15.88,15.33,57.05,102676.00,N/A
2025-04-01 11:45:27,15.88,15.33,57.07,102679.00,N/A
2025-04-01 11:46:28,15.87,15.33,57.05,102673.00,N/A
2025-04-01 11:47:29,15.88,15.33,57.09,102673.00,N/A
2025-04-01 11:48:29,15.87,15.33,57.09,102675.00,N/A
2025-04-01 11:49:30,15.85,15.33,57.06,102670.00,N/A
2025-04-01 11:50:31,15.88,15.33,57.07,102668.00,N/A
2025-04-01 11:51:31,15.89,15.33,57.08,102665.00,N/A
2025-04-01 11:52:31,15.88,15.34,57.08,102664.00,N/A
2025-04-01 11:53:32,15.88,15.34,57.11,102667.00,N/A
2025-04-01 11:54:33,15.90,15.33,57.12,102666.00,N/A
2025-04-01 11:55:34,15.87,15.33,57.11,102660.00,N/A
2025-04-01 11:56:35,15.88,15.33,57.16,102662.00,N/A
2025-04-01 11:57:35,15.85,15.32,57.17,102660.00,N/A
2025-04-01 11:58:36,15.86,15.32,57.14,102660.00,N/A
2025-04-01 11:59:37,15.85,15.32,57.15,102656.00,N/A
2025-04-01 12:00:37,15.85,15.32,57.19,102656.00,N/A
2025-04-01 12:01:37,15.85,15.32,57.18,102655.00,N/A
2025-04-01 12:02:39,15.86,15.32,57.20,102652.00,N/A
2025-04-01 12:03:39,15.86,15.32,57.24,102651.00,N/A
2025-04-01 12:04:40,15.87,15.31,57.23,102655.00,N/A
2025-04-01 12:05:41,15.85,15.31,57.24,102659.00,N/A
2025-04-01 12:06:42,15.87,15.31,57.27,102665.00,N/A
2025-04-01 12:07:42,15.85,15.31,57.28,102665.00,N/A
2025-04-01 12:08:43,15.85,15.31,57.26,102664.00,N/A
2025-04-01 12:09:43,15.86,15.31,57.30,102661.00,N/A
2025-04-01 12:10:43,15.85,15.31,57.28,102657.00,N/A
2025-04-01 12:11:43,15.83,15.31,57.30,102652.00,N/A
2025-04-01 12:12:44,15.86,15.32,57.26,102650.00,N/A
2025-04-01 12:13:45,15.86,15.32,57.29,102647.00,N/A
2025-04-01 12:14:45,15.86,15.32,57.32,102647.00,N/A
2025-04-01 12:15:46,15.88,15.32,57.29,102651.00,N/A
2025-04-01 12:16:47,15.85,15.33,57.29,102656.00,N/A
2025-04-01 12:17:48,15.87,15.33,57.33,102654.00,N/A
2025-04-01 12:18:48,15.87,15.33,57.31,102655.00,N/A
2025-04-01 12:19:49,15.86,15.32,57.32,102657.00,N/A
2025-04-01 12:20:49,15.85,15.32,57.33,102653.00,N/A
2025-04-01 12:21:50,15.86,15.32,57.36,102654.00,N/A
2025-04-01 12:22:51,15.85,15.32,57.36,102655.00,N/A
2025-04-01 12:23:51,15.86,15.32,57.34,102655.00,N/A
2025-04-01 12:24:52,15.84,15.32,57.32,102650.00,N/A
2025-04-01 12:25:52,15.86,15.32,57.33,102641.00,N/A
2025-04-01 12:26:53,15.86,15.32,57.35,102631.00,N/A
2025-04-01 12:27:54,15.88,15.32,57.34,102627.00,N/A
2025-04-01 12:28:55,15.87,15.32,57.33,102624.00,N/A
2025-04-01 12:29:55,15.89,15.32,57.36,102614.00,N/A
2025-04-01 12:30:56,15.86,15.33,57.34,102611.00,N/A
2025-04-01 12:31:57,15.87,15.32,57.36,102614.00,N/A
2025-04-01 12:32:58,15.85,15.33,57.33,102609.00,N/A
2025-04-01 12:33:58,15.88,15.33,57.35,102609.00,N/A
2025-04-01 12:34:58,15.88,15.34,57.32,102609.00,N/A
2025-04-01 12:35:59,15.89,15.34,57.34,102606.00,N/A
2025-04-01 12:37:00,15.90,15.34,57.37,102611.00,N/A
2025-04-01 12:38:01,15.88,15.34,57.35,102615.00,N/A
2025-04-01 12:39:01,15.90,15.34,57.34,102623.00,N/A
2025-04-01 12:40:01,15.90,15.34,57.35,102626.00,N/A
2025-04-01 12:41:02,15.88,15.34,57.37,102628.00,N/A
2025-04-01 12:42:02,15.88,15.34,57.36,102624.00,N/A
2025-04-01 12:43:02,15.87,15.35,57.36,102625.00,N/A
2025-04-01 12:44:03,15.89,15.35,57.38,102621.00,N/A
2025-04-01 12:45:04,15.90,15.35,57.35,102618.00,N/A
2025-04-01 12:46:05,15.91,15.35,57.37,102615.00,N/A
2025-04-01 12:47:05,15.90,15.35,57.34,102613.00,N/A
2025-04-01 12:48:06,15.91,15.35,57.38,102608.00,N/A
2025-04-01 12:49:06,15.88,15.35,57.36,102605.00,N/A
2025-04-01 12:50:07,15.88,15.35,57.41,102604.00,N/A
2025-04-01 12:51:08,15.91,15.35,57.35,102599.00,N/A
2025-04-01 12:52:08,15.92,15.36,57.36,102597.00,N/A
2025-04-01 12:53:09,15.92,15.36,57.38,102591.00,N/A
2025-04-01 12:54:09,15.91,15.36,57.39,102587.00,N/A
2025-04-01 12:55:10,15.90,15.37,57.36,102588.00,N/A
2025-04-01 12:56:10,15.92,15.37,57.36,102584.00,N/A
2025-04-01 12:57:11,15.91,15.38,57.35,102581.00,N/A
2025-04-01 12:58:12,15.94,15.39,57.31,102577.00,N/A
2025-04-01 12:59:13,15.91,15.39,57.34,102577.00,N/A
2025-04-01 13:00:13,15.94,15.39,57.35,102574.00,N/A
2025-04-01 13:01:14,15.91,15.38,57.36,102573.00,N/A
2025-04-01 13:02:15,15.92,15.38,57.37,102577.00,N/A
2025-04-01 13:03:15,15.92,15.39,57.35,102569.00,N/A
2025-04-01 13:04:16,15.92,15.39,57.36,102568.00,N/A
2025-04-01 13:05:17,15.95,15.39,57.32,102561.00,N/A
2025-04-01 13:06:17,15.95,15.39,57.34,102557.00,N/A
2025-04-01 13:07:18,15.94,15.39,57.32,102559.00,N/A
2025-04-01 13:08:19,15.93,15.39,57.33,102556.00,N/A
2025-04-01 13:09:20,15.92,15.39,57.34,102551.00,N/A
2025-04-01 13:10:21,15.91,15.39,57.35,102549.00,N/A
2025-04-01 13:11:21,15.92,15.38,57.37,102550.00,N/A
2025-04-01 13:12:22,15.92,15.38,57.40,102549.00,N/A
2025-04-01 13:13:22,15.90,15.39,57.37,102546.00,N/A
2025-04-01 13:14:23,15.93,15.38,57.36,102537.00,N/A
2025-04-01 13:15:24,15.95,15.39,57.36,102533.00,N/A
2025-04-01 13:16:25,15.95,15.40,57.33,102532.00,N/A
2025-04-01 13:17:25,15.95,15.40,57.34,102527.00,N/A
2025-04-01 13:18:26,15.93,15.40,57.37,102528.00,N/A
2025-04-01 13:19:27,15.95,15.40,57.38,102522.00,N/A
2025-04-01 13:20:27,15.92,15.40,57.36,102518.00,N/A
2025-04-01 13:21:28,15.94,15.40,57.39,102518.00,N/A
2025-04-01 13:22:29,15.94,15.40,57.36,102514.00,N/A
2025-04-01 13:23:29,15.95,15.40,57.36,102508.00,N/A
2025-04-01 13:24:29,15.92,15.40,57.37,102502.00,N/A
2025-04-01 13:25:30,15.95,15.40,57.39,102503.00,N/A
2025-04-01 13:26:31,15.93,15.40,57.39,102503.00,N/A
2025-04-01 13:27:31,15.93,15.39,57.38,102501.00,N/A
2025-04-01 13:28:32,15.95,15.39,57.37,102500.00,N/A
2025-04-01 13:29:32,15.89,15.38,57.42,102511.00,N/A
2025-04-01 13:30:33,15.91,15.37,57.40,102503.00,N/A
2025-04-01 13:31:34,15.89,15.37,57.42,102501.00,N/A
2025-04-01 13:32:34,15.89,15.36,57.47,102504.00,N/A
2025-04-01 13:33:34,15.91,15.35,57.45,102505.00,N/A
2025-04-01 13:34:35,15.89,15.35,57.48,102504.00,N/A
2025-04-01 13:35:36,15.91,15.34,57.48,102502.00,N/A
2025-04-01 13:36:37,15.87,15.34,57.49,102500.00,N/A
2025-04-01 13:37:37,15.86,15.33,57.52,102499.00,N/A
2025-04-01 13:38:38,15.87,15.33,57.53,102503.00,N/A
2025-04-01 13:39:38,15.86,15.33,57.55,102501.00,N/A
2025-04-01 13:40:39,15.87,15.32,57.53,102496.00,N/A
2025-04-01 13:41:39,15.86,15.32,57.54,102495.00,N/A
2025-04-01 13:42:40,15.86,15.32,57.58,102492.00,N/A
2025-04-01 13:43:41,15.86,15.31,57.57,102487.00,N/A
2025-04-01 13:44:41,15.87,15.31,57.59,102494.00,N/A
2025-04-01 13:45:41,15.86,15.31,57.57,102495.00,N/A
2025-04-01 13:46:42,15.85,15.31,57.59,102499.00,N/A
2025-04-01 13:47:43,15.86,15.31,57.57,102494.00,N/A
2025-04-01 13:48:43,15.84,15.32,57.61,102494.00,N/A
2025-04-01 13:49:43,15.87,15.32,57.65,102493.00,N/A
2025-04-01 13:50:44,15.88,15.32,57.69,102485.00,N/A
2025-04-01 13:51:44,15.86,15.32,57.68,102488.00,N/A
2025-04-01 13:52:44,15.86,15.32,57.70,102495.00,N/A
2025-04-01 13:53:45,15.88,15.31,57.71,102493.00,N/A
2025-04-01 13:54:45,15.85,15.31,57.74,102501.00,N/A
2025-04-01 13:55:45,15.83,15.30,57.71,102497.00,N/A
2025-04-01 13:56:46,15.84,15.30,57.76,102502.00,N/A
2025-04-01 13:57:47,15.85,15.30,57.75,102501.00,N/A
2025-04-01 13:58:47,15.82,15.29,57.82,102495.00,N/A
2025-04-01 13:59:47,15.84,15.29,57.82,102488.00,N/A
2025-04-01 14:00:47,15.84,15.29,57.82,102486.00,N/A
2025-04-01 14:01:48,15.82,15.29,57.81,102487.00,N/A
2025-04-01 14:02:48,15.82,15.29,57.85,102484.00,N/A
2025-04-01 14:03:49,15.82,15.29,57.84,102483.00,N/A
2025-04-01 14:04:49,15.83,15.29,57.90,102474.00,N/A
2025-04-01 14:05:49,15.82,15.28,57.89,102468.00,N/A
2025-04-01 14:06:50,15.84,15.28,57.90,102464.00,N/A
2025-04-01 14:07:51,15.83,15.28,57.92,102461.00,N/A
2025-04-01 14:08:52,15.82,15.27,57.94,102453.00,N/A
2025-04-01 14:09:53,15.81,15.27,57.95,102464.00,N/A
2025-04-01 14:10:53,15.81,15.27,57.97,102453.00,N/A
2025-04-01 14:11:54,15.81,15.27,57.96,102452.00,N/A
2025-04-01 14:12:55,15.82,15.27,57.98,102447.00,N/A
2025-04-01 14:13:55,15.81,15.27,57.95,102442.00,N/A
2025-04-01 14:14:56,15.78,15.27,57.99,102442.00,N/A
2025-04-01 14:15:57,15.81,15.27,58.01,102442.00,N/A
2025-04-01 14:16:57,15.84,15.29,58.00,102439.00,N/A
2025-04-01 14:17:58,15.86,15.31,58.08,102437.00,N/A
2025-04-01 14:18:58,15.89,15.34,58.12,102438.00,N/A
2025-04-01 14:19:59,15.89,15.35,58.09,102439.00,N/A
2025-04-01 14:21:00,15.89,15.36,58.08,102440.00,N/A
2025-04-01 14:22:01,15.92,15.36,58.09,102449.00,N/A
2025-04-01 14:23:01,15.92,15.36,58.10,102442.00,N/A
2025-04-01 14:24:02,15.89,15.35,58.11,102434.00,N/A
2025-04-01 14:25:02,15.88,15.34,58.11,102437.00,N/A
2025-04-01 14:26:03,15.85,15.33,58.08,102434.00,N/A
2025-04-01 14:27:04,15.86,15.33,58.10,102436.00,N/A
2025-04-01 14:28:05,15.90,15.32,58.11,102431.00,N/A
2025-04-01 14:29:06,15.86,15.32,58.16,102428.00,N/A
2025-04-01 14:30:07,15.87,15.31,58.12,102424.00,N/A
2025-04-01 14:31:07,15.84,15.31,58.12,102428.00,N/A
2025-04-01 14:32:09,15.86,15.31,58.14,102427.00,N/A
2025-04-01 14:33:10,15.85,15.31,58.14,102425.00,N/A
2025-04-01 14:34:11,15.85,15.31,58.17,102425.00,N/A
2025-04-01 14:35:12,15.87,15.30,58.19,102425.00,N/A
2025-04-01 14:36:13,15.83,15.30,58.17,102429.00,N/A
2025-04-01 14:37:12,15.81,15.29,58.18,102422.00,N/A
2025-04-01 14:38:13,15.84,15.29,58.17,102430.00,N/A
2025-04-01 14:39:14,15.82,15.29,58.19,102426.00,N/A
2025-04-01 14:40:15,15.83,15.28,58.21,102423.00,N/A
2025-04-01 14:41:15,15.82,15.28,58.19,102422.00,N/A
2025-04-01 14:42:16,15.81,15.28,58.26,102423.00,N/A
2025-04-01 14:43:17,15.81,15.28,58.22,102418.00,N/A
2025-04-01 14:44:17,15.84,15.28,58.24,102413.00,N/A
2025-04-01 14:45:18,15.82,15.28,58.31,102411.00,N/A
2025-04-01 14:46:18,15.82,15.29,58.34,102412.00,N/A
2025-04-01 14:47:19,15.84,15.30,58.48,102409.00,N/A
2025-04-01 14:48:19,15.83,15.30,58.42,102404.00,N/A
2025-04-01 14:49:20,15.84,15.30,58.50,102401.00,N/A
2025-04-01 14:50:21,15.83,15.30,58.55,102399.00,N/A
2025-04-01 14:51:21,15.85,15.30,58.65,102402.00,N/A
2025-04-01 14:52:22,15.82,15.30,58.73,102402.00,N/A
2025-04-01 14:53:23,15.83,15.29,58.74,102398.00,N/A
2025-04-01 14:54:24,15.81,15.29,58.82,102394.00,N/A
2025-04-01 14:55:23,15.83,15.28,58.80,102388.00,N/A
2025-04-01 14:56:24,15.82,15.28,58.88,102396.00,N/A
2025-04-01 14:57:25,15.82,15.28,58.95,102398.00,N/A
2025-04-01 14:58:26,15.83,15.29,59.03,102402.00,N/A
2025-04-01 14:59:27,15.84,15.30,59.18,102400.00,N/A
2025-04-01 15:00:26,15.88,15.31,59.38,102398.00,N/A
2025-04-01 15:01:27,15.84,15.31,59.37,102396.00,N/A
2025-04-01 15:02:28,15.84,15.30,59.46,102388.00,N/A
2025-04-01 15:03:28,15.85,15.30,59.56,102384.00,N/A
2025-04-01 15:04:29,15.84,15.30,59.56,102385.00,N/A
2025-04-01 15:05:30,15.84,15.30,59.60,102379.00,N/A
2025-04-01 15:06:31,15.85,15.29,59.60,102382.00,N/A
2025-04-01 15:07:31,15.84,15.29,59.63,102387.00,N/A
2025-04-01 15:08:32,15.81,15.29,59.69,102388.00,N/A
2025-04-01 15:09:33,15.82,15.29,59.72,102385.00,N/A
2025-04-01 15:10:33,15.84,15.28,59.71,102381.00,N/A
2025-04-01 15:11:33,15.81,15.28,59.71,102376.00,N/A
2025-04-01 15:12:34,15.83,15.29,59.81,102374.00,N/A
2025-04-01 15:13:35,15.83,15.30,59.79,102381.00,N/A
2025-04-01 15:14:35,15.83,15.30,59.84,102379.00,N/A
2025-04-01 15:15:35,15.84,15.30,59.96,102377.00,N/A
2025-04-01 15:16:36,15.85,15.31,60.06,102380.00,N/A
2025-04-01 15:17:37,15.84,15.32,60.13,102372.00,N/A
2025-04-01 15:18:37,15.86,15.33,60.22,102379.00,N/A
2025-04-01 15:19:38,15.89,15.34,60.23,102380.00,N/A
2025-04-01 15:20:39,15.90,15.35,60.28,102383.00,N/A
2025-04-01 15:21:40,15.87,15.35,60.33,102394.00,N/A
2025-04-01 15:22:41,15.89,15.36,60.36,102398.00,N/A
2025-04-01 15:23:42,15.91,15.36,60.40,102396.00,N/A
2025-04-01 15:24:43,15.88,15.36,60.45,102394.00,N/A
2025-04-01 15:25:43,15.91,15.37,60.46,102395.00,N/A
2025-04-01 15:26:44,15.92,15.38,60.46,102394.00,N/A
2025-04-01 15:27:45,15.92,15.39,60.48,102400.00,N/A
2025-04-01 15:28:46,15.92,15.39,60.52,102390.00,N/A
2025-04-01 15:29:47,15.93,15.40,60.54,102391.00,N/A
2025-04-01 15:30:47,15.95,15.41,60.54,102390.00,N/A
2025-04-01 15:31:48,15.94,15.42,60.55,102387.00,N/A
2025-04-01 15:32:48,15.94,15.42,60.61,102389.00,N/A
2025-04-01 15:33:48,15.94,15.42,60.65,102384.00,N/A
2025-04-01 15:34:49,15.92,15.41,60.62,102383.00,N/A
2025-04-01 15:35:50,15.93,15.40,60.60,102392.00,N/A
2025-04-01 15:36:51,15.92,15.39,60.55,102391.00,N/A
2025-04-01 15:37:51,15.91,15.38,60.59,102401.00,N/A
2025-04-01 15:38:52,15.91,15.37,60.57,102404.00,N/A
2025-04-01 15:39:52,15.88,15.36,60.56,102410.00,N/A
2025-04-01 15:40:53,15.91,15.35,60.56,102415.00,N/A
2025-04-01 15:41:54,15.88,15.35,60.54,102412.00,N/A
2025-04-01 15:42:55,15.89,15.34,60.56,102408.00,N/A
2025-04-01 15:43:55,15.88,15.33,60.54,102406.00,N/A
2025-04-01 15:44:56,15.86,15.33,60.55,102407.00,N/A
2025-04-01 15:45:57,15.88,15.34,60.78,102410.00,N/A
2025-04-01 15:46:57,15.90,15.37,61.01,102404.00,N/A
2025-04-01 15:47:58,15.95,15.40,61.08,102404.00,N/A
2025-04-01 15:48:58,15.94,15.44,61.12,102398.00,N/A
2025-04-01 15:49:59,15.98,15.45,61.30,102394.00,N/A
2025-04-01 15:50:59,16.00,15.46,61.42,102394.00,N/A
2025-04-01 15:52:00,16.00,15.48,61.42,102386.00,N/A
2025-04-01 15:53:01,16.03,15.49,61.43,102394.00,N/A
2025-04-01 15:54:01,16.05,15.50,61.50,102387.00,N/A
2025-04-01 15:55:03,16.04,15.51,61.67,102383.00,N/A
2025-04-01 15:56:03,16.04,15.51,61.78,102389.00,N/A
2025-04-01 15:57:04,16.05,15.51,61.78,102383.00,N/A
2025-04-01 15:58:04,16.02,15.50,61.76,102384.00,N/A
2025-04-01 15:59:05,16.02,15.48,61.70,102385.00,N/A
2025-04-01 16:00:06,16.00,15.47,61.53,102388.00,N/A
2025-04-01 16:01:06,16.01,15.47,61.45,102396.00,N/A
2025-04-01 16:02:07,16.00,15.46,61.31,102398.00,N/A
2025-04-01 16:03:08,15.98,15.45,61.23,102401.00,N/A
2025-04-01 16:04:09,15.97,15.45,61.15,102403.00,N/A
2025-04-01 16:05:09,15.97,15.44,61.12,102402.00,N/A
2025-04-01 16:06:10,15.96,15.43,61.03,102397.00,N/A
2025-04-01 16:07:10,15.95,15.43,61.04,102395.00,N/A
2025-04-01 16:08:11,15.96,15.42,61.08,102404.00,N/A
2025-04-01 16:09:12,15.95,15.43,61.08,102408.00,N/A
2025-04-01 16:10:12,15.96,15.43,60.99,102411.00,N/A
2025-04-01 16:11:13,15.98,15.43,60.97,102411.00,N/A
2025-04-01 16:12:14,15.94,15.42,60.99,102407.00,N/A
2025-04-01 16:13:14,15.96,15.41,61.02,102405.00,N/A
2025-04-01 16:14:15,15.94,15.40,61.03,102405.00,N/A
2025-04-01 16:15:15,15.94,15.40,60.97,102405.00,N/A
2025-04-01 16:16:16,15.94,15.40,60.95,102406.00,N/A
2025-04-01 16:17:17,15.92,15.39,60.89,102409.00,N/A
2025-04-01 16:18:17,15.91,15.38,60.85,102414.00,N/A
2025-04-01 16:19:18,15.91,15.38,60.80,102410.00,N/A
2025-04-01 16:20:19,15.90,15.38,60.78,102408.00,N/A
2025-04-01 16:21:20,15.90,15.37,60.70,102403.00,N/A
2025-04-01 16:22:21,15.89,15.37,60.68,102396.00,N/A
2025-04-01 16:23:21,15.90,15.36,60.63,102394.00,N/A
2025-04-01 16:24:22,15.87,15.35,60.58,102394.00,N/A
2025-04-01 16:25:23,15.89,15.34,60.56,102393.00,N/A
2025-04-01 16:26:23,15.88,15.34,60.56,102395.00,N/A
2025-04-01 16:27:25,15.86,15.34,60.50,102398.00,N/A
2025-04-01 16:28:25,15.88,15.33,60.46,102401.00,N/A
2025-04-01 16:29:25,15.86,15.33,60.40,102399.00,N/A
2025-04-01 16:30:26,15.84,15.32,60.37,102400.00,N/A
2025-04-01 16:31:27,15.85,15.32,60.33,102397.00,N/A
2025-04-01 16:32:27,15.84,15.31,60.25,102401.00,N/A
2025-04-01 16:33:28,15.85,15.31,60.26,102410.00,N/A
2025-04-01 16:34:29,15.84,15.30,60.20,102412.00,N/A
2025-04-01 16:35:29,15.83,15.30,60.18,102411.00,N/A
2025-04-01 16:36:30,15.82,15.30,60.16,102413.00,N/A
2025-04-01 16:37:30,15.83,15.29,60.11,102408.00,N/A
2025-04-01 16:38:31,15.84,15.29,60.10,102413.00,N/A
2025-04-01 16:39:32,15.82,15.29,60.03,102412.00,N/A
2025-04-01 16:40:33,15.84,15.29,60.01,102411.00,N/A
2025-04-01 16:41:33,15.80,15.29,59.97,102408.00,N/A
2025-04-01 16:42:34,15.81,15.28,59.95,102410.00,N/A
2025-04-01 16:43:34,15.81,15.28,59.86,102413.00,N/A
2025-04-01 16:44:34,15.79,15.27,59.89,102417.00,N/A
2025-04-01 16:45:35,15.80,15.27,59.85,102416.00,N/A
2025-04-01 16:46:36,15.77,15.27,59.82,102418.00,N/A
2025-04-01 16:47:37,15.80,15.26,59.79,102417.00,N/A
2025-04-01 16:48:37,15.79,15.26,59.79,102412.00,N/A
2025-04-01 16:49:38,15.78,15.26,59.71,102408.00,N/A
2025-04-01 16:50:39,15.80,15.26,59.67,102408.00,N/A
2025-04-01 16:51:39,15.78,15.25,59.67,102405.00,N/A
2025-04-01 16:52:40,15.78,15.25,59.61,102401.00,N/A
2025-04-01 16:53:40,15.77,15.24,59.62,102400.00,N/A
2025-04-01 16:54:41,15.77,15.24,59.61,102395.00,N/A
2025-04-01 16:55:42,15.78,15.24,59.55,102394.00,N/A
2025-04-01 16:56:43,15.77,15.24,59.52,102394.00,N/A
2025-04-01 16:57:44,15.77,15.23,59.50,102399.00,N/A
2025-04-01 16:58:45,15.78,15.23,59.49,102397.00,N/A
2025-04-01 16:59:45,15.75,15.23,59.49,102402.00,N/A
2025-04-01 17:00:45,15.77,15.22,59.45,102402.00,N/A
2025-04-01 17:01:46,15.75,15.22,59.41,102409.00,N/A
2025-04-01 17:02:46,15.74,15.22,59.40,102411.00,N/A
2025-04-01 17:03:47,15.74,15.22,59.39,102415.00,N/A
2025-04-01 17:04:48,15.74,15.22,59.33,102421.00,N/A
2025-04-01 17:05:49,15.74,15.21,59.34,102424.00,N/A
2025-04-01 17:06:49,15.75,15.21,59.34,102427.00,N/A
2025-04-01 17:07:50,15.73,15.20,59.30,102422.00,N/A
2025-04-01 17:08:51,15.73,15.20,59.30,102418.00,N/A
2025-04-01 17:09:51,15.74,15.20,59.28,102414.00,N/A
2025-04-01 17:10:52,15.73,15.19,59.24,102409.00,N/A
2025-04-01 17:11:52,15.73,15.19,59.25,102413.00,N/A
2025-04-01 17:12:53,15.72,15.19,59.22,102411.00,N/A
2025-04-01 17:13:54,15.72,15.18,59.19,102407.00,N/A
2025-04-01 17:14:55,15.71,15.18,59.16,102411.00,N/A
2025-04-01 17:15:55,15.71,15.18,59.20,102405.00,N/A
2025-04-01 17:16:56,15.72,15.17,59.18,102404.00,N/A
2025-04-01 17:17:57,15.70,15.17,59.13,102406.00,N/A
2025-04-01 17:18:57,15.69,15.16,59.11,102405.00,N/A
2025-04-01 17:19:58,15.69,15.16,59.10,102417.00,N/A
2025-04-01 17:20:58,15.70,15.16,59.09,102420.00,N/A
2025-04-01 17:21:59,15.67,15.16,59.07,102431.00,N/A
2025-04-01 17:23:00,15.69,15.16,59.08,102434.00,N/A
2025-04-01 17:24:01,15.70,15.16,59.03,102438.00,N/A
2025-04-01 17:25:01,15.69,15.15,59.05,102434.00,N/A
2025-04-01 17:26:01,15.71,15.15,59.02,102436.00,N/A
2025-04-01 17:27:02,15.67,15.14,59.03,102434.00,N/A
2025-04-01 17:28:02,15.67,15.14,59.02,102435.00,N/A
2025-04-01 17:29:03,15.68,15.14,59.00,102426.00,N/A
2025-04-01 17:30:04,15.68,15.13,58.98,102419.00,N/A
2025-04-01 17:31:05,15.67,15.13,58.98,102409.00,N/A
2025-04-01 17:32:05,15.67,15.13,58.93,102402.00,N/A
2025-04-01 17:33:05,15.67,15.13,58.96,102405.00,N/A
2025-04-01 17:34:06,15.67,15.12,58.93,102404.00,N/A
2025-04-01 17:35:06,15.64,15.12,58.92,102402.00,N/A
2025-04-01 17:36:07,15.65,15.12,58.91,102401.00,N/A
2025-04-01 17:37:08,15.65,15.11,58.92,102401.00,N/A
2025-04-01 17:38:09,15.65,15.11,58.89,102400.00,N/A
2025-04-01 17:39:09,15.63,15.10,58.88,102398.00,N/A
2025-04-01 17:40:10,15.62,15.10,58.89,102397.00,N/A
2025-04-01 17:41:11,15.64,15.10,58.89,102384.00,N/A
2025-04-01 17:42:11,15.62,15.09,58.85,102372.00,N/A
2025-04-01 17:43:12,15.63,15.09,58.84,102372.00,N/A
2025-04-01 17:44:12,15.62,15.09,58.85,102365.00,N/A
2025-04-01 17:45:13,15.62,15.09,58.84,102367.00,N/A
2025-04-01 17:46:13,15.62,15.09,58.81,102367.00,N/A
2025-04-01 17:47:13,15.64,15.09,58.79,102363.00,N/A
2025-04-01 17:48:14,15.62,15.08,58.80,102359.00,N/A
2025-04-01 17:49:15,15.61,15.08,58.80,102361.00,N/A
2025-04-01 17:50:15,15.61,15.08,58.80,102358.00,N/A
2025-04-01 17:51:16,15.62,15.08,58.76,102358.00,N/A
2025-04-01 17:52:17,15.60,15.08,58.77,102364.00,N/A
2025-04-01 17:53:17,15.60,15.08,58.76,102367.00,N/A
2025-04-01 17:54:18,15.62,15.07,58.76,102367.00,N/A
2025-04-01 17:55:19,15.58,15.07,58.76,102370.00,N/A
2025-04-01 17:56:20,15.60,15.07,58.69,102372.00,N/A
2025-04-01 17:57:21,15.60,15.07,58.74,102374.00,N/A
2025-04-01 17:58:21,15.58,15.07,58.75,102375.00,N/A
2025-04-01 17:59:22,15.60,15.07,58.72,102373.00,N/A
2025-04-01 18:00:23,15.59,15.06,58.70,102373.00,N/A
2025-04-01 18:01:24,15.58,15.06,58.73,102368.00,N/A
2025-04-01 18:02:25,15.60,15.06,58.70,102358.00,N/A
2025-04-01 18:03:26,15.58,15.05,58.72,102352.00,N/A
2025-04-01 18:04:27,15.58,15.05,58.67,102350.00,N/A
2025-04-01 18:05:28,15.55,15.05,58.69,102342.00,N/A
2025-04-01 18:06:29,15.60,15.04,58.67,102338.00,N/A
2025-04-01 18:07:29,15.58,15.04,58.64,102329.00,N/A
2025-04-01 18:08:29,15.58,15.04,58.67,102325.00,N/A
2025-04-01 18:09:30,15.57,15.04,58.62,102322.00,N/A
2025-04-01 18:10:31,15.58,15.04,58.66,102322.00,N/A
2025-04-01 18:11:31,15.59,15.03,58.63,102319.00,N/A
